1,-7.11963e-07
2,-6.48680e-07
3,-8.00369e-07
4,-7.76408e-07
5,-7.23816e-07
6,-8.44472e-07
7,-8.10627e-07
8,-8.01763e-07
9,-7.58038e-07
10,-6.95634e-07
11,-7.36226e-07
12,-7.08463e-07
13,-7.08550e-07
14,-6.22352e-07
15,-6.32795e-07
16,-6.90146e-07
17,-6.74880e-07
18,-7.82893e-07
19,-6.40892e-07
20,-4.60642e-07
21,-6.49389e-07
22,-6.38446e-07
23,-6.08810e-07
24,-5.92360e-07
25,-6.37213e-07
26,-5.49836e-07
27,-5.02171e-07
28,-5.19109e-07
29,-5.26099e-07
30,-3.53571e-07
31,-4.48792e-07
32,-3.88722e-07
33,-2.79170e-07
34,-2.88552e-07
35,-2.98683e-07
36,-2.62293e-07
37,-4.01172e-07
38,-3.53486e-07
39,-4.90485e-07
40,-3.31256e-07
41,-3.48500e-07
42,-3.22090e-07
43,-2.74168e-07
44,-3.05222e-07
45,-2.60365e-07
46,-3.78812e-07
47,-3.31679e-07
48,-2.64957e-07
49,-1.86681e-07
50,-2.35328e-07
51,-1.91041e-07
52,-1.29839e-07
53,2.17763e-08
54,-8.40159e-08
55,-2.86656e-07
56,-4.61712e-07
57,-9.16479e-08
58,-8.19565e-08
59,-3.19463e-07
60,-1.34122e-07
61,-1.06828e-07
62,-8.35074e-08
63,-1.24830e-07
64,-1.78571e-07
65,-4.90969e-08
66,2.42293e-09
67,-1.33073e-08
68,2.49253e-08
69,1.64716e-08
70,-3.72257e-08
71,8.61593e-08
72,7.71736e-08
73,2.84789e-08
74,2.30710e-08
75,1.07389e-07
76,-8.29604e-08
77,4.61580e-08
78,1.43629e-07
79,1.93598e-08
80,1.65152e-08
81,4.34648e-08
82,8.70734e-08
83,2.73994e-07
84,1.82681e-07
85,1.90257e-07
86,1.23676e-07
87,1.13209e-07
88,6.80014e-08
89,7.30017e-08
90,2.40522e-07
91,5.46262e-08
92,1.03918e-07
93,1.90268e-07
94,1.45644e-07
95,2.57846e-07
96,2.60001e-07
97,2.86177e-07
98,1.92366e-07
99,1.69164e-07
100,1.30293e-07
101,2.75632e-07
102,5.10028e-07
103,3.17795e-07
104,3.57394e-07
105,1.86626e-07
106,2.42922e-07
107,2.23549e-07
108,2.79004e-07
109,3.22157e-07
110,1.83198e-07
111,1.15270e-07
112,3.21840e-07
113,3.38032e-07
114,3.46616e-07
115,3.62757e-07
116,3.78129e-07
117,3.72101e-07
118,3.95778e-07
119,3.29862e-07
120,2.54588e-07
121,2.74981e-07
122,2.49010e-07
123,3.60421e-07
124,4.27179e-07
125,4.02711e-07
126,3.54098e-07
127,3.85326e-07
128,4.10246e-07
129,3.32368e-07
130,4.04245e-07
131,5.33508e-07
132,4.00947e-07
133,3.68523e-07
134,4.09362e-07
135,4.07222e-07
136,5.25102e-07
137,5.04367e-07
138,4.28651e-07
139,3.85942e-07
140,3.19201e-07
141,3.10911e-07
142,5.35865e-07
143,3.76573e-07
144,4.37554e-07
145,5.69946e-07
146,6.93311e-07
147,5.74759e-07
148,5.11846e-07
149,5.42969e-07
150,7.22874e-07
151,5.21639e-07
152,3.88082e-07
153,4.20167e-07
154,3.70353e-07
155,5.16740e-07
156,4.33254e-07
157,5.88233e-07
158,4.18917e-07
159,4.37151e-07
160,5.82718e-07
161,6.06231e-07
162,6.27404e-07
163,6.42114e-07
164,7.33964e-07
165,7.04907e-07
166,5.10239e-07
167,6.19350e-07
168,6.30297e-07
169,6.98157e-07
170,6.97807e-07
171,6.82128e-07
172,6.64848e-07
173,7.14014e-07
174,6.65395e-07
175,6.15290e-07
176,6.00622e-07
177,8.13992e-07
178,6.91608e-07
179,5.16892e-07
180,6.86710e-07
181,5.70175e-07
182,8.03723e-07
183,5.14760e-07
184,7.23237e-07
185,5.89903e-07
186,6.49405e-07
187,6.07106e-07
188,7.92717e-07
189,7.14170e-07
190,8.38368e-07
191,6.71466e-07
192,8.48359e-07
193,6.39445e-07
194,7.16594e-07
195,9.05909e-07
196,7.01303e-07
197,6.74123e-07
198,7.76385e-07
199,6.89198e-07
200,8.79973e-07
201,7.93973e-07
202,8.70553e-07
203,8.94500e-07
204,7.66592e-07
205,7.83192e-07
206,8.17326e-07
207,8.63011e-07
208,8.45094e-07
209,9.10145e-07
210,9.75661e-07
211,7.51095e-07
212,8.53457e-07
213,7.94858e-07
214,6.70870e-07
215,9.55842e-07
216,7.70989e-07
217,8.22784e-07
218,9.22291e-07
219,9.10600e-07
220,9.55548e-07
221,9.02822e-07
222,8.75045e-07
223,9.27503e-07
224,8.65616e-07
225,1.00944e-06
226,1.04727e-06
227,1.11234e-06
228,1.01171e-06
229,1.15065e-06
230,1.11235e-06
231,1.08449e-06
232,1.07478e-06
233,9.73932e-07
234,9.31555e-07
235,9.66509e-07
236,1.01236e-06
237,7.63523e-07
238,1.07991e-06
239,9.82847e-07
240,9.82588e-07
241,1.00451e-06
242,9.96338e-07
243,1.09392e-06
244,9.89955e-07
245,1.15365e-06
246,1.11170e-06
247,9.27860e-07
248,9.86075e-07
249,8.50461e-07
250,1.07148e-06
251,1.00913e-06
252,1.03073e-06
253,9.49790e-07
254,9.82540e-07
255,8.59574e-07
256,9.93791e-07
257,1.04099e-06
258,1.09725e-06
259,1.01848e-06
260,9.66138e-07
261,9.22249e-07
262,9.74223e-07
263,1.01138e-06
264,1.13611e-06
265,1.08839e-06
266,1.00038e-06
267,9.84009e-07
268,1.09554e-06
269,9.00168e-07
270,1.07390e-06
271,9.95819e-07
272,1.05865e-06
273,1.13341e-06
274,9.93510e-07
275,1.11293e-06
276,1.07432e-06
277,1.19822e-06
278,1.13557e-06
279,1.12633e-06
280,1.15652e-06
281,1.14048e-06
282,1.10907e-06
283,1.12524e-06
284,1.15257e-06
285,1.05721e-06
286,9.75481e-07
287,1.05738e-06
288,1.30249e-06
289,1.15414e-06
290,1.14412e-06
291,1.30200e-06
292,1.15060e-06
293,1.05569e-06
294,1.14486e-06
295,1.16256e-06
296,1.16295e-06
297,1.08662e-06
298,1.22448e-06
299,1.29450e-06
300,1.27136e-06
301,1.18315e-06
302,1.32265e-06
303,1.08908e-06
304,1.24361e-06
305,1.12041e-06
306,9.88869e-07
307,1.07902e-06
308,9.04317e-07
309,9.62076e-07
310,1.11640e-06
311,9.02629e-07
312,9.71924e-07
313,1.03415e-06
314,1.08673e-06
315,1.19498e-06
316,9.65928e-07
317,1.23267e-06
318,1.07697e-06
319,1.16006e-06
320,1.05432e-06
321,1.13540e-06
322,1.21099e-06
323,1.21649e-06
324,1.33708e-06
325,1.13449e-06
326,1.16017e-06
327,1.14829e-06
328,1.19612e-06
329,1.09591e-06
330,1.17954e-06
331,1.17820e-06
332,1.12389e-06
333,1.03502e-06
334,1.06608e-06
335,9.47893e-07
336,1.12192e-06
337,1.01214e-06
338,1.10327e-06
339,1.08476e-06
340,1.21591e-06
341,1.04736e-06
342,1.19843e-06
343,1.21775e-06
344,1.24004e-06
345,1.33249e-06
346,1.32131e-06
347,1.26414e-06
348,1.32098e-06
349,1.25926e-06
350,1.20837e-06
351,1.13122e-06
352,1.35740e-06
353,1.30433e-06
354,1.30693e-06
355,1.28496e-06
356,1.09874e-06
357,1.29481e-06
358,1.31093e-06
359,1.31627e-06
360,1.33011e-06
361,1.23395e-06
362,1.15519e-06
363,1.29327e-06
364,1.19724e-06
365,1.22401e-06
366,1.23405e-06
367,1.13700e-06
368,1.14818e-06
369,1.24296e-06
370,1.18861e-06
371,1.25500e-06
372,1.31011e-06
373,1.16065e-06
374,1.20897e-06
375,1.12174e-06
376,1.18549e-06
377,1.12054e-06
378,1.11556e-06
379,1.23292e-06
380,1.27915e-06
381,1.14401e-06
382,1.14735e-06
383,1.19605e-06
384,1.12479e-06
385,1.13860e-06
386,1.12797e-06
387,1.12600e-06
388,1.19597e-06
389,1.25524e-06
390,1.27114e-06
391,1.17972e-06
392,1.30349e-06
393,1.26083e-06
394,1.24241e-06
395,1.00606e-06
396,1.13056e-06
397,1.11105e-06
398,1.26859e-06
399,1.34301e-06
400,1.20307e-06
401,1.37031e-06
402,1.34490e-06
403,1.23161e-06
404,1.24524e-06
405,1.40024e-06
406,1.35047e-06
407,1.25380e-06
408,1.39231e-06
409,1.42998e-06
410,1.30182e-06
411,1.37170e-06
412,1.37450e-06
413,1.20781e-06
414,1.31791e-06
415,1.03887e-06
416,1.18426e-06
417,1.02686e-06
418,9.34640e-07
419,1.18297e-06
420,1.05370e-06
421,1.14172e-06
422,1.24209e-06
423,1.29386e-06
424,1.12298e-06
425,1.08488e-06
426,1.17703e-06
427,9.35571e-07
428,1.00871e-06
429,1.19960e-06
430,1.29412e-06
431,1.12973e-06
432,1.12384e-06
433,1.21334e-06
434,1.32295e-06
435,1.20941e-06
436,1.25976e-06
437,1.23713e-06
438,1.32195e-06
439,1.16772e-06
440,1.34667e-06
441,1.23514e-06
442,1.12500e-06
443,1.23668e-06
444,1.17391e-06
445,1.11269e-06
446,1.16606e-06
447,1.06182e-06
448,1.19175e-06
449,1.36763e-06
450,1.31391e-06
451,1.24454e-06
452,1.23994e-06
453,1.05511e-06
454,1.33216e-06
455,1.25738e-06
456,1.17760e-06
457,1.37215e-06
458,1.24925e-06
459,1.20523e-06
460,1.27223e-06
461,1.31160e-06
462,1.20943e-06
463,1.29718e-06
464,1.18180e-06
465,1.22724e-06
466,1.08363e-06
467,1.32358e-06
468,1.41891e-06
469,1.25060e-06
470,1.28783e-06
471,1.26878e-06
472,1.42299e-06
473,1.34218e-06
474,1.33432e-06
475,1.33605e-06
476,1.40455e-06
477,1.27026e-06
478,1.18395e-06
479,1.28914e-06
480,1.30155e-06
481,1.27716e-06
482,1.33710e-06
483,1.17616e-06
484,1.24865e-06
485,1.24194e-06
486,1.34601e-06
487,1.11275e-06
488,1.12135e-06
489,1.22867e-06
490,1.21278e-06
491,1.41689e-06
492,1.17631e-06
493,1.15764e-06
494,1.37211e-06
495,1.35099e-06
496,1.10351e-06
497,1.37963e-06
498,1.16743e-06
499,1.14045e-06
500,1.23854e-06
501,1.20538e-06
502,1.19577e-06
503,1.13054e-06
504,1.24404e-06
505,1.17446e-06
506,1.15557e-06
507,1.36244e-06
508,1.24867e-06
509,1.37967e-06
510,1.07171e-06
511,1.14734e-06
512,1.30648e-06
513,1.25499e-06
514,1.24397e-06
515,1.32457e-06
516,1.31731e-06
517,1.43139e-06
518,1.18736e-06
519,1.25103e-06
520,1.17096e-06
521,1.26611e-06
522,1.19535e-06
523,1.20260e-06
524,1.33097e-06
525,1.30893e-06
526,1.16020e-06
527,1.14777e-06
528,1.16501e-06
529,1.16549e-06
530,1.16925e-06
531,1.16709e-06
532,1.23378e-06
533,1.12580e-06
534,1.27054e-06
535,1.33100e-06
536,1.19135e-06
537,1.00986e-06
538,1.23228e-06
539,1.20132e-06
540,1.32098e-06
541,1.19862e-06
542,1.29569e-06
543,1.34518e-06
544,1.39410e-06
545,1.38562e-06
546,1.20222e-06
547,1.45231e-06
548,1.49010e-06
549,1.25628e-06
550,1.44939e-06
551,1.24025e-06
552,1.38029e-06
553,1.27941e-06
554,1.42691e-06
555,1.24199e-06
556,1.27973e-06
557,1.18401e-06
558,1.23424e-06
559,1.25049e-06
560,1.17748e-06
561,1.21333e-06
562,1.07638e-06
563,1.06889e-06
564,1.34260e-06
565,1.21851e-06
566,1.11947e-06
567,1.20023e-06
568,1.22664e-06
569,1.22963e-06
570,1.25628e-06
571,1.11998e-06
572,1.05340e-06
573,1.20227e-06
574,1.22252e-06
575,1.15337e-06
576,1.32285e-06
577,1.30022e-06
578,1.22273e-06
579,1.22793e-06
580,1.29918e-06
581,1.34675e-06
582,1.40937e-06
583,1.52559e-06
584,1.34956e-06
585,1.45175e-06
586,1.36959e-06
587,1.33684e-06
588,1.40356e-06
589,1.47991e-06
590,1.39887e-06
591,1.30147e-06
592,1.25990e-06
593,1.49734e-06
594,1.39772e-06
595,1.35765e-06
596,1.42648e-06
597,1.39018e-06
598,1.59581e-06
599,1.45091e-06
600,1.27005e-06
601,1.35056e-06
602,1.30377e-06
603,1.35653e-06
604,1.36270e-06
605,1.30571e-06
606,1.26000e-06
607,1.42719e-06
608,1.34876e-06
609,1.24823e-06
610,1.26984e-06
611,1.48176e-06
612,1.53052e-06
613,1.45086e-06
614,1.32796e-06
615,1.27204e-06
616,1.40137e-06
617,1.29898e-06
618,1.32901e-06
619,1.20719e-06
620,1.21416e-06
621,1.17517e-06
622,1.30418e-06
623,1.44581e-06
624,1.26125e-06
625,1.22641e-06
626,1.34514e-06
627,1.34811e-06
628,1.36177e-06
629,1.39012e-06
630,1.30061e-06
631,1.34029e-06
632,1.29589e-06
633,1.27008e-06
634,1.31703e-06
635,1.33192e-06
636,1.32204e-06
637,1.29150e-06
638,1.24320e-06
639,1.22740e-06
640,1.22787e-06
641,1.24803e-06
642,1.23867e-06
643,1.39455e-06
644,1.41627e-06
645,1.36924e-06
646,1.25282e-06
647,1.30755e-06
648,1.31290e-06
649,1.27862e-06
650,1.31159e-06
651,1.30548e-06
652,1.34068e-06
653,1.34184e-06
654,1.26052e-06
655,1.30033e-06
656,1.24042e-06
657,1.28616e-06
658,1.30276e-06
659,1.36859e-06
660,1.44003e-06
661,1.27832e-06
662,1.18294e-06
663,1.31920e-06
664,1.41099e-06
665,1.39489e-06
666,1.45703e-06
667,1.49204e-06
668,1.35989e-06
669,1.61559e-06
670,1.30913e-06
671,1.40654e-06
672,1.54206e-06
673,1.48255e-06
674,1.40835e-06
675,1.22032e-06
676,1.51279e-06
677,1.45768e-06
678,1.45025e-06
679,1.42364e-06
680,1.38234e-06
681,1.51106e-06
682,1.33531e-06
683,1.47220e-06
684,1.31080e-06
685,1.30038e-06
686,1.47654e-06
687,1.31480e-06
688,1.37996e-06
689,1.44925e-06
690,1.39091e-06
691,1.54021e-06
692,1.61905e-06
693,1.60490e-06
694,1.57974e-06
695,1.63277e-06
696,1.68711e-06
697,1.65741e-06
698,1.44352e-06
699,1.45537e-06
700,1.44022e-06
701,1.52137e-06
702,1.62564e-06
703,1.48907e-06
704,1.43057e-06
705,1.56828e-06
706,1.59746e-06
707,1.56550e-06
708,1.62518e-06
709,1.58174e-06
710,1.50600e-06
711,1.82178e-06
712,1.60574e-06
713,1.53889e-06
714,1.62587e-06
715,1.57607e-06
716,1.46060e-06
717,1.61757e-06
718,1.50422e-06
719,1.51310e-06
720,1.60782e-06
721,1.61074e-06
722,1.50363e-06
723,1.56605e-06
724,1.53536e-06
725,1.75328e-06
726,1.70562e-06
727,1.55112e-06
728,1.56547e-06
729,1.64537e-06
730,1.61036e-06
731,1.53710e-06
732,1.51375e-06
733,1.73756e-06
734,1.63732e-06
735,1.72016e-06
736,1.64891e-06
737,1.61339e-06
738,1.49108e-06
739,1.52023e-06
740,1.47381e-06
741,1.63788e-06
742,1.50814e-06
743,1.39228e-06
744,1.37933e-06
745,1.62484e-06
746,1.53106e-06
747,1.54285e-06
748,1.53271e-06
749,1.65144e-06
750,1.55889e-06
751,1.53447e-06
752,1.53228e-06
753,1.59996e-06
754,1.66023e-06
755,1.47317e-06
756,1.58260e-06
757,1.45306e-06
758,1.46703e-06
759,1.74649e-06
760,1.43038e-06
761,1.58940e-06
762,1.49399e-06
763,1.56198e-06
764,1.44249e-06
765,1.60990e-06
766,1.52828e-06
767,1.36835e-06
768,1.50764e-06
769,1.36185e-06
770,1.25082e-06
771,1.43851e-06
772,1.52011e-06
773,1.40949e-06
774,1.38221e-06
775,1.47570e-06
776,1.56579e-06
777,1.45843e-06
778,1.55080e-06
779,1.51690e-06
780,1.39472e-06
781,1.53017e-06
782,1.33774e-06
783,1.50217e-06
784,1.40795e-06
785,1.38088e-06
786,1.44234e-06
787,1.55259e-06
788,1.39984e-06
789,1.60376e-06
790,1.42660e-06
791,1.55346e-06
792,1.44251e-06
793,1.42618e-06
794,1.51621e-06
795,1.48191e-06
796,1.53720e-06
797,1.34448e-06
798,1.46967e-06
799,1.55324e-06
800,1.44748e-06
801,1.37664e-06
802,1.44880e-06
803,1.43087e-06
804,1.40470e-06
805,1.30689e-06
806,1.42655e-06
807,1.48192e-06
808,1.62641e-06
809,1.52556e-06
810,1.56072e-06
811,1.51716e-06
812,1.47872e-06
813,1.55356e-06
814,1.48538e-06
815,1.62635e-06
816,1.55432e-06
817,1.51373e-06
818,1.48700e-06
819,1.38980e-06
820,1.45950e-06
821,1.34657e-06
822,1.36206e-06
823,1.36815e-06
824,1.42274e-06
825,1.52222e-06
826,1.45382e-06
827,1.38272e-06
828,1.48569e-06
829,1.58498e-06
830,1.59453e-06
831,1.67101e-06
832,1.61401e-06
833,1.52377e-06
834,1.58861e-06
835,1.63949e-06
836,1.58304e-06
837,1.46583e-06
838,1.43517e-06
839,1.53053e-06
840,1.63132e-06
841,1.45644e-06
842,1.42483e-06
843,1.54099e-06
844,1.44202e-06
845,1.44817e-06
846,1.54182e-06
847,1.44878e-06
848,1.40186e-06
849,1.46762e-06
850,1.46904e-06
851,1.39007e-06
852,1.45966e-06
853,1.59485e-06
854,1.32054e-06
855,1.51245e-06
856,1.49240e-06
857,1.51135e-06
858,1.54999e-06
859,1.59301e-06
860,1.56366e-06
861,1.55597e-06
862,1.48992e-06
863,1.60333e-06
864,1.49714e-06
865,1.61236e-06
866,1.61162e-06
867,1.48110e-06
868,1.54379e-06
869,1.43666e-06
870,1.56113e-06
871,1.48760e-06
872,1.41758e-06
873,1.45037e-06
874,1.43771e-06
875,1.53721e-06
876,1.39819e-06
877,1.36216e-06
878,1.40928e-06
879,1.42251e-06
880,1.40252e-06
881,1.33840e-06
882,1.49093e-06
883,1.56514e-06
884,1.45324e-06
885,1.44346e-06
886,1.53445e-06
887,1.43559e-06
888,1.35793e-06
889,1.41187e-06
890,1.49912e-06
891,1.46841e-06
892,1.44655e-06
893,1.45686e-06
894,1.31446e-06
895,1.36392e-06
896,1.51530e-06
897,1.45255e-06
898,1.49865e-06
899,1.43199e-06
900,1.32922e-06
901,1.45430e-06
902,1.48020e-06
903,1.35186e-06
904,1.44472e-06
905,1.46564e-06
906,1.39686e-06
907,1.39704e-06
908,1.36521e-06
909,1.47878e-06
910,1.49253e-06
911,1.58055e-06
912,1.42873e-06
913,1.54532e-06
914,1.48947e-06
915,1.58329e-06
916,1.52717e-06
917,1.48296e-06
918,1.32859e-06
919,1.43528e-06
920,1.35238e-06
921,1.36641e-06
922,1.24470e-06
923,1.56859e-06
924,1.42313e-06
925,1.43759e-06
926,1.44057e-06
927,1.38441e-06
928,1.47628e-06
929,1.52633e-06
930,1.48993e-06
931,1.43989e-06
932,1.58312e-06
933,1.37023e-06
934,1.37699e-06
935,1.31300e-06
936,1.46773e-06
937,1.29157e-06
938,1.44614e-06
939,1.20170e-06
940,1.34197e-06
941,1.29501e-06
942,1.54411e-06
943,1.53180e-06
944,1.39152e-06
945,1.26258e-06
946,1.29156e-06
947,1.36805e-06
948,1.32738e-06
949,1.35251e-06
950,1.41041e-06
951,1.41935e-06
952,1.47188e-06
953,1.53282e-06
954,1.40127e-06
955,1.40136e-06
956,1.30013e-06
957,1.44490e-06
958,1.48603e-06
959,1.34943e-06
960,1.34232e-06
961,1.44270e-06
962,1.45175e-06
963,1.53188e-06
964,1.42134e-06
965,1.35894e-06
966,1.46651e-06
967,1.36664e-06
968,1.47131e-06
969,1.61795e-06
970,1.46921e-06
971,1.54725e-06
972,1.54654e-06
973,1.54501e-06
974,1.54319e-06
975,1.51857e-06
976,1.65513e-06
977,1.62018e-06
978,1.49673e-06
979,1.47746e-06
980,1.56360e-06
981,1.55643e-06
982,1.53962e-06
983,1.56807e-06
984,1.50000e-06
985,1.46176e-06
986,1.55133e-06
987,1.53125e-06
988,1.41031e-06
989,1.40144e-06
990,1.29074e-06
991,1.43955e-06
992,1.39949e-06
993,1.49126e-06
994,1.62725e-06
995,1.50235e-06
996,1.55976e-06
997,1.51454e-06
998,1.44723e-06
999,1.60583e-06
1000,1.51105e-06
1001,1.59873e-06
1002,1.58514e-06
1003,1.60499e-06
1004,1.67331e-06
1005,1.60456e-06
1006,1.48636e-06
1007,1.67402e-06
1008,1.58492e-06
1009,1.54885e-06
1010,1.53750e-06
1011,1.32409e-06
1012,1.48085e-06
1013,1.40277e-06
1014,1.49715e-06
1015,1.47556e-06
1016,1.42241e-06
1017,1.65454e-06
1018,1.55198e-06
1019,1.49696e-06
1020,1.41893e-06
1021,1.44515e-06
1022,1.38980e-06
1023,1.62600e-06
1024,1.48124e-06
1025,1.42553e-06
1026,1.47361e-06
1027,1.43693e-06
1028,1.52631e-06
1029,1.55468e-06
1030,1.34902e-06
1031,1.46618e-06
1032,1.51219e-06
1033,1.54797e-06
1034,1.57979e-06
1035,1.46979e-06
1036,1.41941e-06
1037,1.58701e-06
1038,1.48099e-06
1039,1.50638e-06
1040,1.52630e-06
1041,1.50162e-06
1042,1.57880e-06
1043,1.56818e-06
1044,1.74538e-06
1045,1.62366e-06
1046,1.50335e-06
1047,1.55597e-06
1048,1.68640e-06
1049,1.67228e-06
1050,1.54489e-06
1051,1.58264e-06
1052,1.61056e-06
1053,1.47517e-06
1054,1.46506e-06
1055,1.46596e-06
1056,1.55559e-06
1057,1.55232e-06
1058,1.57198e-06
1059,1.55184e-06
1060,1.47237e-06
1061,1.65091e-06
1062,1.52503e-06
1063,1.59439e-06
1064,1.49677e-06
1065,1.61213e-06
1066,1.64118e-06
1067,1.60666e-06
1068,1.63742e-06
1069,1.51540e-06
1070,1.52320e-06
1071,1.58008e-06
1072,1.65797e-06
1073,1.77362e-06
1074,1.72219e-06
1075,1.67546e-06
1076,1.85918e-06
1077,1.80819e-06
1078,1.73577e-06
1079,1.70414e-06
1080,1.49593e-06
1081,1.63364e-06
1082,1.50903e-06
1083,1.68129e-06
1084,1.72568e-06
1085,1.50171e-06
1086,1.54755e-06
1087,1.60709e-06
1088,1.54180e-06
1089,1.60607e-06
1090,1.71097e-06
1091,1.60944e-06
1092,1.64142e-06
1093,1.65553e-06
1094,1.60669e-06
1095,1.64690e-06
1096,1.52953e-06
1097,1.48769e-06
1098,1.57203e-06
1099,1.57135e-06
1100,1.49574e-06
1101,1.45561e-06
1102,1.50358e-06
1103,1.59626e-06
1104,1.54890e-06
1105,1.58618e-06
1106,1.67902e-06
1107,1.60359e-06
1108,1.65898e-06
1109,1.61874e-06
1110,1.72219e-06
1111,1.65081e-06
1112,1.64947e-06
1113,1.52214e-06
1114,1.56396e-06
1115,1.56543e-06
1116,1.43583e-06
1117,1.43496e-06
1118,1.73549e-06
1119,1.53992e-06
1120,1.52298e-06
1121,1.58912e-06
1122,1.67646e-06
1123,1.60975e-06
1124,1.69655e-06
1125,1.61834e-06
1126,1.68046e-06
1127,1.76769e-06
1128,1.51333e-06
1129,1.47702e-06
1130,1.60473e-06
1131,1.49654e-06
1132,1.66434e-06
1133,1.64752e-06
1134,1.40731e-06
1135,1.42937e-06
1136,1.55088e-06
1137,1.52509e-06
1138,1.43898e-06
1139,1.54154e-06
1140,1.64909e-06
1141,1.47200e-06
1142,1.60340e-06
1143,1.58505e-06
1144,1.59439e-06
1145,1.49595e-06
1146,1.49758e-06
1147,1.67834e-06
1148,1.48191e-06
1149,1.58005e-06
1150,1.66470e-06
1151,1.66245e-06
1152,1.61465e-06
1153,1.70462e-06
1154,1.76500e-06
1155,1.57066e-06
1156,1.65725e-06
1157,1.59969e-06
1158,1.81398e-06
1159,1.68158e-06
1160,1.72202e-06
1161,1.76947e-06
1162,1.72593e-06
1163,1.74285e-06
1164,1.68534e-06
1165,1.76893e-06
1166,1.64643e-06
1167,1.59542e-06
1168,1.60358e-06
1169,1.61859e-06
1170,1.56725e-06
1171,1.80267e-06
1172,1.87108e-06
1173,1.85691e-06
1174,1.68751e-06
1175,1.60567e-06
1176,1.59483e-06
1177,1.68049e-06
1178,1.72088e-06
1179,1.63341e-06
1180,1.65659e-06
1181,1.56370e-06
1182,1.60910e-06
1183,1.52531e-06
1184,1.42702e-06
1185,1.56104e-06
1186,1.62092e-06
1187,1.56367e-06
1188,1.51825e-06
1189,1.63003e-06
1190,1.51591e-06
1191,1.78409e-06
1192,1.65239e-06
1193,1.60142e-06
1194,1.74327e-06
1195,1.66795e-06
1196,1.67299e-06
1197,1.63256e-06
1198,1.70428e-06
1199,1.83719e-06
1200,1.66729e-06
1201,1.71888e-06
1202,1.62518e-06
1203,1.69229e-06
1204,1.78585e-06
1205,1.63834e-06
1206,1.60176e-06
1207,1.65599e-06
1208,1.58445e-06
1209,1.65054e-06
1210,1.54748e-06
1211,1.60104e-06
1212,1.52206e-06
1213,1.69148e-06
1214,1.65011e-06
1215,1.54278e-06
1216,1.66201e-06
1217,1.66312e-06
1218,1.66937e-06
1219,1.59123e-06
1220,1.54959e-06
1221,1.74960e-06
1222,1.73916e-06
1223,1.73769e-06
1224,1.53586e-06
1225,1.55971e-06
1226,1.72507e-06
1227,1.64191e-06
1228,1.60426e-06
1229,1.52203e-06
1230,1.54900e-06
1231,1.66574e-06
1232,1.74628e-06
1233,1.62174e-06
1234,1.50646e-06
1235,1.78897e-06
1236,1.67320e-06
1237,1.63262e-06
1238,1.59512e-06
1239,1.67015e-06
1240,1.52960e-06
1241,1.64042e-06
1242,1.52473e-06
1243,1.73397e-06
1244,1.56380e-06
1245,1.52634e-06
1246,1.53982e-06
1247,1.61428e-06
1248,1.65658e-06
1249,1.66689e-06
1250,1.49225e-06
1251,1.47102e-06
1252,1.62248e-06
1253,1.65112e-06
1254,1.55558e-06
1255,1.63365e-06
1256,1.59684e-06
1257,1.75026e-06
1258,1.55825e-06
1259,1.60947e-06
1260,1.77717e-06
1261,1.58820e-06
1262,1.63815e-06
1263,1.60174e-06
1264,1.62249e-06
1265,1.59223e-06
1266,1.77461e-06
1267,1.63117e-06
1268,1.60705e-06
1269,1.57994e-06
1270,1.52962e-06
1271,1.62244e-06
1272,1.58882e-06
1273,1.60502e-06
1274,1.53857e-06
1275,1.60555e-06
1276,1.63188e-06
1277,1.56249e-06
1278,1.53910e-06
1279,1.60523e-06
1280,1.58456e-06
1281,1.72685e-06
1282,1.64871e-06
1283,1.72875e-06
1284,1.61742e-06
1285,1.69177e-06
1286,1.75690e-06
1287,1.63925e-06
1288,1.67668e-06
1289,1.60840e-06
1290,1.59693e-06
1291,1.60478e-06
1292,1.58089e-06
1293,1.68336e-06
1294,1.59824e-06
1295,1.59171e-06
1296,1.57567e-06
1297,1.51691e-06
1298,1.58357e-06
1299,1.57219e-06
1300,1.67801e-06
1301,1.61644e-06
1302,1.66795e-06
1303,1.71193e-06
1304,1.44247e-06
1305,1.63156e-06
1306,1.65374e-06
1307,1.60821e-06
1308,1.52468e-06
1309,1.69502e-06
1310,1.68785e-06
1311,1.76765e-06
1312,1.56634e-06
1313,1.57216e-06
1314,1.58369e-06
1315,1.57979e-06
1316,1.61458e-06
1317,1.46522e-06
1318,1.55444e-06
1319,1.73167e-06
1320,1.69162e-06
1321,1.69383e-06
1322,1.70453e-06
1323,1.63302e-06
1324,1.72548e-06
1325,1.80993e-06
1326,1.78815e-06
1327,1.68121e-06
1328,1.70496e-06
1329,1.43229e-06
1330,1.63531e-06
1331,1.48754e-06
1332,1.57795e-06
1333,1.49775e-06
1334,1.72659e-06
1335,1.53101e-06
1336,1.47983e-06
1337,1.44865e-06
1338,1.39057e-06
1339,1.40330e-06
1340,1.68250e-06
1341,1.42751e-06
1342,1.61458e-06
1343,1.57489e-06
1344,1.56672e-06
1345,1.69302e-06
1346,1.64619e-06
1347,1.68158e-06
1348,1.66080e-06
1349,1.64191e-06
1350,1.60886e-06
1351,1.69097e-06
1352,1.56651e-06
1353,1.66650e-06
1354,1.62777e-06
1355,1.68106e-06
1356,1.70746e-06
1357,1.59019e-06
1358,1.66329e-06
1359,1.79215e-06
1360,1.63017e-06
1361,1.61499e-06
1362,1.53197e-06
1363,1.61776e-06
1364,1.68633e-06
1365,1.83485e-06
1366,1.65031e-06
1367,1.52853e-06
1368,1.52221e-06
1369,1.55942e-06
1370,1.58586e-06
1371,1.68182e-06
1372,1.43806e-06
1373,1.73083e-06
1374,1.63989e-06
1375,1.62794e-06
1376,1.53282e-06
1377,1.55628e-06
1378,1.70139e-06
1379,1.60242e-06
1380,1.75352e-06
1381,1.55868e-06
1382,1.45489e-06
1383,1.64370e-06
1384,1.87929e-06
1385,1.75853e-06
1386,1.67557e-06
1387,1.65166e-06
1388,1.64650e-06
1389,1.58977e-06
1390,1.57844e-06
1391,1.40680e-06
1392,1.58886e-06
1393,1.67413e-06
1394,1.62320e-06
1395,1.53219e-06
1396,1.70335e-06
1397,1.43588e-06
1398,1.53315e-06
1399,1.51179e-06
1400,1.49699e-06
1401,1.73015e-06
1402,1.77101e-06
1403,1.59064e-06
1404,1.65061e-06
1405,1.49271e-06
1406,1.68168e-06
1407,1.69069e-06
1408,1.58359e-06
1409,1.54173e-06
1410,1.58338e-06
1411,1.59682e-06
1412,1.58823e-06
1413,1.44103e-06
1414,1.60342e-06
1415,1.57963e-06
1416,1.75678e-06
1417,1.66977e-06
1418,1.75358e-06
1419,1.71601e-06
1420,1.72103e-06
1421,1.59380e-06
1422,1.50614e-06
1423,1.50108e-06
1424,1.74888e-06
1425,1.66164e-06
1426,1.65726e-06
1427,1.71667e-06
1428,1.72793e-06
1429,1.66009e-06
1430,1.81888e-06
1431,1.72128e-06
1432,1.84387e-06
1433,1.91072e-06
1434,1.85616e-06
1435,1.76422e-06
1436,1.64534e-06
1437,1.69463e-06
1438,1.57231e-06
1439,1.56514e-06
1440,1.63401e-06
1441,1.69713e-06
1442,1.85707e-06
1443,1.71224e-06
1444,1.66891e-06
1445,1.79382e-06
1446,1.58348e-06
1447,1.62175e-06
1448,1.57287e-06
1449,1.72438e-06
1450,1.77286e-06
1451,1.59538e-06
1452,1.78891e-06
1453,1.73834e-06
1454,1.69512e-06
1455,1.77941e-06
1456,1.68535e-06
1457,1.50509e-06
1458,1.68986e-06
1459,1.64895e-06
1460,1.69620e-06
1461,1.68748e-06
1462,1.71714e-06
1463,1.51346e-06
1464,1.68234e-06
1465,1.52091e-06
1466,1.63613e-06
1467,1.57618e-06
1468,1.53692e-06
1469,1.49708e-06
1470,1.42108e-06
1471,1.55735e-06
1472,1.52497e-06
1473,1.55092e-06
1474,1.61349e-06
1475,1.39945e-06
1476,1.59447e-06
1477,1.64668e-06
1478,1.70816e-06
1479,1.60628e-06
1480,1.65168e-06
1481,1.59856e-06
1482,1.57787e-06
1483,1.58365e-06
1484,1.59760e-06
1485,1.52972e-06
1486,1.71549e-06
1487,1.59817e-06
1488,1.57704e-06
1489,1.70397e-06
1490,1.72043e-06
1491,1.68403e-06
1492,1.48725e-06
1493,1.79712e-06
1494,1.53059e-06
1495,1.66642e-06
1496,1.58952e-06
1497,1.69037e-06
1498,1.56542e-06
1499,1.65902e-06
1500,1.67813e-06
1501,1.66222e-06
1502,1.78318e-06
1503,1.72636e-06
1504,1.67255e-06
1505,1.64059e-06
1506,1.64100e-06
1507,1.69986e-06
1508,1.76322e-06
1509,1.53916e-06
1510,1.57975e-06
1511,1.60932e-06
1512,1.69730e-06
1513,1.46874e-06
1514,1.65729e-06
1515,1.64986e-06
1516,1.70202e-06
1517,1.79587e-06
1518,1.78930e-06
1519,1.73709e-06
1520,1.71421e-06
1521,1.73684e-06
1522,1.66731e-06
1523,1.70250e-06
1524,1.77806e-06
1525,1.62342e-06
1526,1.82996e-06
1527,1.79235e-06
1528,1.79742e-06
1529,1.70632e-06
1530,1.78492e-06
1531,1.56436e-06
1532,1.62154e-06
1533,1.60753e-06
1534,1.74625e-06
1535,1.85111e-06
1536,1.76983e-06
1537,1.71372e-06
1538,1.69275e-06
1539,1.82581e-06
1540,1.79458e-06
1541,1.94827e-06
1542,1.86275e-06
1543,1.87503e-06
1544,1.82472e-06
1545,1.64620e-06
1546,1.71650e-06
1547,1.69714e-06
1548,1.72728e-06
1549,1.74084e-06
1550,1.71667e-06
1551,1.77360e-06
1552,1.58636e-06
1553,1.65496e-06
1554,1.56872e-06
1555,1.68117e-06
1556,1.76602e-06
1557,1.83905e-06
1558,1.85722e-06
1559,1.73003e-06
1560,1.66902e-06
1561,1.67333e-06
1562,1.66048e-06
1563,1.85046e-06
1564,1.83910e-06
1565,1.81521e-06
1566,1.74969e-06
1567,1.57721e-06
1568,1.61666e-06
1569,1.65625e-06
1570,1.60920e-06
1571,1.73580e-06
1572,1.67931e-06
1573,1.60989e-06
1574,1.59506e-06
1575,1.71675e-06
1576,1.56161e-06
1577,1.51673e-06
1578,1.59797e-06
1579,1.57431e-06
1580,1.56371e-06
1581,1.45185e-06
1582,1.51864e-06
1583,1.57726e-06
1584,1.58757e-06
1585,1.60586e-06
1586,1.50343e-06
1587,1.61406e-06
1588,1.51602e-06
1589,1.61246e-06
1590,1.50235e-06
1591,1.46679e-06
1592,1.49047e-06
1593,1.70660e-06
1594,1.65715e-06
1595,1.74744e-06
1596,1.61451e-06
1597,1.75525e-06
1598,1.69274e-06
1599,1.62908e-06
1600,1.65012e-06
1601,1.64194e-06
1602,1.54729e-06
1603,1.52703e-06
1604,1.57964e-06
1605,1.50032e-06
1606,1.61931e-06
1607,1.62864e-06
1608,1.38043e-06
1609,1.60363e-06
1610,1.61827e-06
1611,1.49909e-06
1612,1.62531e-06
1613,1.58445e-06
1614,1.52837e-06
1615,1.51524e-06
1616,1.63883e-06
1617,1.61238e-06
1618,1.75734e-06
1619,1.48258e-06
1620,1.51513e-06
1621,1.67690e-06
1622,1.63460e-06
1623,1.67240e-06
1624,1.59829e-06
1625,1.67335e-06
1626,1.65106e-06
1627,1.63971e-06
1628,1.57654e-06
1629,1.66743e-06
1630,1.68675e-06
1631,1.65086e-06
1632,1.64329e-06
1633,1.68873e-06
1634,1.61553e-06
1635,1.54565e-06
1636,1.53955e-06
1637,1.56756e-06
1638,1.73782e-06
1639,1.65540e-06
1640,1.84001e-06
1641,1.67214e-06
1642,1.59876e-06
1643,1.77596e-06
1644,1.68110e-06
1645,1.77844e-06
1646,1.69086e-06
1647,1.66258e-06
1648,1.73547e-06
1649,1.75695e-06
1650,1.59341e-06
1651,1.78401e-06
1652,1.54506e-06
1653,1.54644e-06
1654,1.71587e-06
1655,1.66041e-06
1656,1.54272e-06
1657,1.65958e-06
1658,1.57734e-06
1659,1.64772e-06
1660,1.38323e-06
1661,1.60720e-06
1662,1.53708e-06
1663,1.66191e-06
1664,1.74175e-06
1665,1.64627e-06
1666,1.57119e-06
1667,1.66717e-06
1668,1.62538e-06
1669,1.60439e-06
1670,1.49386e-06
1671,1.62651e-06
1672,1.54167e-06
1673,1.54062e-06
1674,1.44292e-06
1675,1.52147e-06
1676,1.64723e-06
1677,1.63537e-06
1678,1.59896e-06
1679,1.61964e-06
1680,1.53235e-06
1681,1.66475e-06
1682,1.59022e-06
1683,1.65826e-06
1684,1.66000e-06
1685,1.41364e-06
1686,1.53861e-06
1687,1.76134e-06
1688,1.62491e-06
1689,1.63650e-06
1690,1.68773e-06
1691,1.56090e-06
1692,1.83812e-06
1693,1.61929e-06
1694,1.71558e-06
1695,1.58086e-06
1696,1.64826e-06
1697,1.60330e-06
1698,1.61409e-06
1699,1.61231e-06
1700,1.64513e-06
1701,1.77868e-06
1702,1.64853e-06
1703,1.67177e-06
1704,1.60633e-06
1705,1.45965e-06
1706,1.63798e-06
1707,1.62813e-06
1708,1.56119e-06
1709,1.55365e-06
1710,1.55588e-06
1711,1.60830e-06
1712,1.53985e-06
1713,1.49016e-06
1714,1.68415e-06
1715,1.49075e-06
1716,1.55752e-06
1717,1.74308e-06
1718,1.41010e-06
1719,1.60309e-06
1720,1.65289e-06
1721,1.64768e-06
1722,1.72398e-06
1723,1.56835e-06
1724,1.72744e-06
1725,1.61154e-06
1726,1.60108e-06
1727,1.63229e-06
1728,1.59313e-06
1729,1.49635e-06
1730,1.51546e-06
1731,1.62023e-06
1732,1.65006e-06
1733,1.67242e-06
1734,1.60641e-06
1735,1.46444e-06
1736,1.66312e-06
1737,1.62424e-06
1738,1.71004e-06
1739,1.79694e-06
1740,1.72830e-06
1741,1.60349e-06
1742,1.61429e-06
1743,1.74059e-06
1744,1.78003e-06
1745,1.70221e-06
1746,1.60159e-06
1747,1.61594e-06
1748,1.84863e-06
1749,1.54653e-06
1750,1.63898e-06
1751,1.56073e-06
1752,1.47557e-06
1753,1.75742e-06
1754,1.50904e-06
1755,1.59009e-06
1756,1.48477e-06
1757,1.35923e-06
1758,1.61771e-06
1759,1.45512e-06
1760,1.43877e-06
1761,1.48119e-06
1762,1.55049e-06
1763,1.62830e-06
1764,1.81483e-06
1765,1.53061e-06
1766,1.58238e-06
1767,1.58327e-06
1768,1.62299e-06
1769,1.63881e-06
1770,1.77905e-06
1771,1.56943e-06
1772,1.57321e-06
1773,1.55087e-06
1774,1.58027e-06
1775,1.46302e-06
1776,1.48654e-06
1777,1.56948e-06
1778,1.61691e-06
1779,1.58911e-06
1780,1.44826e-06
1781,1.41749e-06
1782,1.55462e-06
1783,1.55517e-06
1784,1.44113e-06
1785,1.62358e-06
1786,1.58534e-06
1787,1.56856e-06
1788,1.65268e-06
1789,1.49796e-06
1790,1.46003e-06
1791,1.64880e-06
1792,1.39378e-06
1793,1.52719e-06
1794,1.49442e-06
1795,1.59001e-06
1796,1.69298e-06
1797,1.71664e-06
1798,1.62583e-06
1799,1.61258e-06
1800,1.70951e-06
1801,1.73756e-06
1802,1.55192e-06
1803,1.61537e-06
1804,1.59755e-06
1805,1.61742e-06
1806,1.56967e-06
1807,1.53476e-06
1808,1.66659e-06
1809,1.68849e-06
1810,1.57341e-06
1811,1.65043e-06
1812,1.58565e-06
1813,1.62005e-06
1814,1.63042e-06
1815,1.56047e-06
1816,1.55301e-06
1817,1.65631e-06
1818,1.56710e-06
1819,1.59437e-06
1820,1.65599e-06
1821,1.54400e-06
1822,1.63416e-06
1823,1.72173e-06
1824,1.53344e-06
1825,1.59571e-06
1826,1.54123e-06
1827,1.57165e-06
1828,1.68766e-06
1829,1.68329e-06
1830,1.65537e-06
1831,1.75184e-06
1832,1.56187e-06
1833,1.69061e-06
1834,1.51507e-06
1835,1.64395e-06
1836,1.43149e-06
1837,1.52306e-06
1838,1.49730e-06
1839,1.62827e-06
1840,1.49675e-06
1841,1.64181e-06
1842,1.64857e-06
1843,1.61618e-06
1844,1.67934e-06
1845,1.56908e-06
1846,1.68246e-06
1847,1.53390e-06
1848,1.41613e-06
1849,1.58045e-06
1850,1.59749e-06
1851,1.59016e-06
1852,1.41711e-06
1853,1.44930e-06
1854,1.53846e-06
1855,1.62107e-06
1856,1.65795e-06
1857,1.58300e-06
1858,1.49534e-06
1859,1.65701e-06
1860,1.64603e-06
1861,1.52471e-06
1862,1.58132e-06
1863,1.67684e-06
1864,1.50370e-06
1865,1.51227e-06
1866,1.55259e-06
1867,1.57475e-06
1868,1.64890e-06
1869,1.61613e-06
1870,1.58437e-06
1871,1.88210e-06
1872,1.68421e-06
1873,1.80480e-06
1874,1.76862e-06
1875,1.72554e-06
1876,1.62613e-06
1877,1.77804e-06
1878,1.58741e-06
1879,1.67693e-06
1880,1.57502e-06
1881,1.65898e-06
1882,1.68003e-06
1883,1.58453e-06
1884,1.69071e-06
1885,1.55987e-06
1886,1.52433e-06
1887,1.56579e-06
1888,1.51069e-06
1889,1.64897e-06
1890,1.64502e-06
1891,1.66609e-06
1892,1.55197e-06
1893,1.73594e-06
1894,1.61698e-06
1895,1.61717e-06
1896,1.63250e-06
1897,1.49804e-06
1898,1.58354e-06
1899,1.59164e-06
1900,1.69634e-06
1901,1.41496e-06
1902,1.54198e-06
1903,1.49657e-06
1904,1.68369e-06
1905,1.50136e-06
1906,1.62760e-06
1907,1.75754e-06
1908,1.68173e-06
1909,1.76187e-06
1910,1.67998e-06
1911,1.67116e-06
1912,1.60134e-06
1913,1.64158e-06
1914,1.79355e-06
1915,1.72198e-06
1916,1.68320e-06
1917,1.78098e-06
1918,1.62194e-06
1919,1.69571e-06
1920,1.71048e-06
1921,1.76946e-06
1922,1.64079e-06
1923,1.57802e-06
1924,1.59707e-06
1925,1.78423e-06
1926,1.59631e-06
1927,1.62317e-06
1928,1.68854e-06
1929,1.70698e-06
1930,1.71788e-06
1931,1.67486e-06
1932,1.67776e-06
1933,1.64532e-06
1934,1.73223e-06
1935,1.77179e-06
1936,1.65259e-06
1937,1.66752e-06
1938,1.74713e-06
1939,1.71465e-06
1940,1.65592e-06
1941,1.64991e-06
1942,1.58747e-06
1943,1.48790e-06
1944,1.56134e-06
1945,1.46683e-06
1946,1.45720e-06
1947,1.66254e-06
1948,1.50396e-06
1949,1.47776e-06
1950,1.57783e-06
1951,1.54876e-06
1952,1.45947e-06
1953,1.54188e-06
1954,1.55481e-06
1955,1.58933e-06
1956,1.74548e-06
1957,1.66114e-06
1958,1.61117e-06
1959,1.51432e-06
1960,1.66773e-06
1961,1.73132e-06
1962,1.73964e-06
1963,1.81887e-06
1964,1.71362e-06
1965,1.66806e-06
1966,1.53069e-06
1967,1.73923e-06
1968,1.66998e-06
1969,1.62167e-06
1970,1.75844e-06
1971,1.63657e-06
1972,1.71568e-06
1973,1.55779e-06
1974,1.73545e-06
1975,1.71491e-06
1976,1.52144e-06
1977,1.72319e-06
1978,1.64913e-06
1979,1.58513e-06
1980,1.60248e-06
1981,1.67937e-06
1982,1.67460e-06
1983,1.48021e-06
1984,1.67596e-06
1985,1.65692e-06
1986,1.67770e-06
1987,1.74691e-06
1988,1.69530e-06
1989,1.88843e-06
1990,1.77072e-06
1991,1.62357e-06
1992,1.58579e-06
1993,1.66722e-06
1994,1.50797e-06
1995,1.64885e-06
1996,1.61120e-06
1997,1.62689e-06
1998,1.72145e-06
1999,1.84504e-06
2000,1.69152e-06
2001,1.67293e-06
2002,1.63094e-06
2003,1.73145e-06
2004,1.73814e-06
2005,1.69626e-06
2006,1.72418e-06
2007,1.82527e-06
2008,1.65214e-06
2009,1.90435e-06
2010,1.63558e-06
2011,1.71993e-06
2012,1.70500e-06
2013,1.80024e-06
2014,1.77670e-06
2015,1.62524e-06
2016,1.58595e-06
2017,1.61508e-06
2018,1.62951e-06
2019,1.72682e-06
2020,1.83026e-06
2021,1.57181e-06
2022,1.55739e-06
2023,1.62435e-06
2024,1.51822e-06
2025,1.40007e-06
2026,1.64832e-06
2027,1.75684e-06
2028,1.65501e-06
2029,1.60337e-06
2030,1.56911e-06
2031,1.47487e-06
2032,1.59832e-06
2033,1.49155e-06
2034,1.63154e-06
2035,1.67268e-06
2036,1.63009e-06
2037,1.66211e-06
2038,1.66383e-06
2039,1.76043e-06
2040,1.67858e-06
2041,1.59476e-06
2042,1.61409e-06
2043,1.81577e-06
2044,1.55449e-06
2045,1.59386e-06
2046,1.60643e-06
2047,1.63053e-06
2048,1.73276e-06
2049,1.57933e-06
2050,1.51250e-06
2051,1.69212e-06
2052,1.60380e-06
2053,1.70440e-06
2054,1.67599e-06
2055,1.67322e-06
2056,1.59623e-06
2057,1.63853e-06
2058,1.67502e-06
2059,1.47899e-06
2060,1.63926e-06
2061,1.77211e-06
2062,1.68792e-06
2063,1.69800e-06
2064,1.75954e-06
2065,1.74013e-06
2066,1.56719e-06
2067,1.71468e-06
2068,1.75989e-06
2069,1.65523e-06
2070,1.70035e-06
2071,1.82061e-06
2072,1.58411e-06
2073,1.68560e-06
2074,1.65258e-06
2075,1.60329e-06
2076,1.65888e-06
2077,1.56418e-06
2078,1.57437e-06
2079,1.64698e-06
2080,1.49418e-06
2081,1.66470e-06
2082,1.67371e-06
2083,1.84324e-06
2084,1.61985e-06
2085,1.86059e-06
2086,1.76167e-06
2087,1.74151e-06
2088,1.76677e-06
2089,1.66522e-06
2090,1.89649e-06
2091,1.70734e-06
2092,1.68585e-06
2093,1.68538e-06
2094,1.74913e-06
2095,1.68056e-06
2096,1.69635e-06
2097,1.58258e-06
2098,1.66472e-06
2099,1.53729e-06
2100,1.46696e-06
2101,1.74621e-06
2102,1.59723e-06
2103,1.70699e-06
2104,1.67452e-06
2105,1.64904e-06
2106,1.56843e-06
2107,1.53341e-06
2108,1.59629e-06
2109,1.65957e-06
2110,1.63422e-06
2111,1.55908e-06
2112,1.48236e-06
2113,1.46285e-06
2114,1.71982e-06
2115,1.69541e-06
2116,1.46003e-06
2117,1.57158e-06
2118,1.50839e-06
2119,1.54495e-06
2120,1.61382e-06
2121,1.59537e-06
2122,1.56708e-06
2123,1.55324e-06
2124,1.58766e-06
2125,1.48253e-06
2126,1.57143e-06
2127,1.59148e-06
2128,1.49105e-06
2129,1.45804e-06
2130,1.54416e-06
2131,1.45749e-06
2132,1.43628e-06
2133,1.49446e-06
2134,1.61314e-06
2135,1.64260e-06
2136,1.55761e-06
2137,1.54595e-06
2138,1.58709e-06
2139,1.66715e-06
2140,1.67326e-06
2141,1.56772e-06
2142,1.53703e-06
2143,1.59755e-06
2144,1.49222e-06
2145,1.49614e-06
2146,1.63690e-06
2147,1.70406e-06
2148,1.69280e-06
2149,1.60435e-06
2150,1.81835e-06
2151,1.80675e-06
2152,1.71546e-06
2153,1.80645e-06
2154,1.63153e-06
2155,1.73834e-06
2156,1.63249e-06
2157,1.47029e-06
2158,1.49214e-06
2159,1.45825e-06
2160,1.48102e-06
2161,1.46737e-06
2162,1.57717e-06
2163,1.79388e-06
2164,1.68656e-06
2165,1.66732e-06
2166,1.74673e-06
2167,1.56185e-06
2168,1.82800e-06
2169,1.88703e-06
2170,1.71348e-06
2171,1.82134e-06
2172,1.86488e-06
2173,1.64211e-06
2174,1.70321e-06
2175,1.68769e-06
2176,1.75050e-06
2177,1.86533e-06
2178,1.79806e-06
2179,1.90012e-06
2180,1.85846e-06
2181,1.78236e-06
2182,1.90179e-06
2183,1.77503e-06
2184,1.87733e-06
2185,1.86910e-06
2186,1.78859e-06
2187,1.93516e-06
2188,1.73582e-06
2189,1.90309e-06
2190,1.77876e-06
2191,1.86810e-06
2192,1.91223e-06
2193,1.89090e-06
2194,1.69234e-06
2195,1.79471e-06
2196,1.90457e-06
2197,1.87237e-06
2198,1.67277e-06
2199,1.71144e-06
2200,1.69436e-06
2201,1.62615e-06
2202,1.50914e-06
2203,1.56419e-06
2204,1.70878e-06
2205,1.70096e-06
2206,1.53487e-06
2207,1.60533e-06
2208,1.49867e-06
2209,1.49993e-06
2210,1.63325e-06
2211,1.54765e-06
2212,1.53403e-06
2213,1.55126e-06
2214,1.45860e-06
2215,1.65537e-06
2216,1.63765e-06
2217,1.69743e-06
2218,1.59047e-06
2219,1.73787e-06
2220,1.63535e-06
2221,1.56775e-06
2222,1.47872e-06
2223,1.67257e-06
2224,1.68658e-06
2225,1.58184e-06
2226,1.65120e-06
2227,1.59329e-06
2228,1.55324e-06
2229,1.48421e-06
2230,1.34282e-06
2231,1.62436e-06
2232,1.57238e-06
2233,1.48188e-06
2234,1.55898e-06
2235,1.56020e-06
2236,1.66008e-06
2237,1.63253e-06
2238,1.66740e-06
2239,1.69225e-06
2240,1.62553e-06
2241,1.64782e-06
2242,1.52696e-06
2243,1.65291e-06
2244,1.48410e-06
2245,1.56420e-06
2246,1.49186e-06
2247,1.53114e-06
2248,1.59269e-06
2249,1.55148e-06
2250,1.47202e-06
2251,1.51492e-06
2252,1.68619e-06
2253,1.56274e-06
2254,1.59328e-06
2255,1.59446e-06
2256,1.60982e-06
2257,1.39344e-06
2258,1.43446e-06
2259,1.41748e-06
2260,1.50111e-06
2261,1.59492e-06
2262,1.59734e-06
2263,1.62548e-06
2264,1.41385e-06
2265,1.55830e-06
2266,1.66562e-06
2267,1.50825e-06
2268,1.42753e-06
2269,1.56548e-06
2270,1.52842e-06
2271,1.68795e-06
2272,1.44270e-06
2273,1.30554e-06
2274,1.54478e-06
2275,1.61669e-06
2276,1.70935e-06
2277,1.64701e-06
2278,1.62886e-06
2279,1.64851e-06
2280,1.58417e-06
2281,1.55549e-06
2282,1.58229e-06
2283,1.73307e-06
2284,1.66273e-06
2285,1.54589e-06
2286,1.61933e-06
2287,1.62620e-06
2288,1.76731e-06
2289,1.67818e-06
2290,1.48057e-06
2291,1.57454e-06
2292,1.61834e-06
2293,1.66143e-06
2294,1.61110e-06
2295,1.68983e-06
2296,1.75280e-06
2297,1.62764e-06
2298,1.66103e-06
2299,1.58034e-06
2300,1.63366e-06
2301,1.50711e-06
2302,1.61937e-06
2303,1.49592e-06
2304,1.58901e-06
2305,1.64787e-06
2306,1.65505e-06
2307,1.68089e-06
2308,1.70871e-06
2309,1.72951e-06
2310,1.64222e-06
2311,1.70307e-06
2312,1.66729e-06
2313,1.63642e-06
2314,1.60110e-06
2315,1.60057e-06
2316,1.59427e-06
2317,1.72335e-06
2318,1.61647e-06
2319,1.65127e-06
2320,1.77815e-06
2321,1.86826e-06
2322,1.53006e-06
2323,1.66981e-06
2324,1.65543e-06
2325,1.78431e-06
2326,1.85579e-06
2327,1.51247e-06
2328,1.80586e-06
2329,1.50113e-06
2330,1.60457e-06
2331,1.55078e-06
2332,1.50494e-06
2333,1.52719e-06
2334,1.69423e-06
2335,1.57332e-06
2336,1.46098e-06
2337,1.61900e-06
2338,1.59293e-06
2339,1.61897e-06
2340,1.47612e-06
2341,1.43352e-06
2342,1.60105e-06
2343,1.62967e-06
2344,1.52368e-06
2345,1.58177e-06
2346,1.43549e-06
2347,1.56568e-06
2348,1.49011e-06
2349,1.35345e-06
2350,1.45927e-06
2351,1.60543e-06
2352,1.54430e-06
2353,1.65055e-06
2354,1.43331e-06
2355,1.47123e-06
2356,1.62451e-06
2357,1.56288e-06
2358,1.50584e-06
2359,1.40975e-06
2360,1.43008e-06
2361,1.36181e-06
2362,1.50533e-06
2363,1.41883e-06
2364,1.56064e-06
2365,1.39689e-06
2366,1.45845e-06
2367,1.52844e-06
2368,1.51477e-06
2369,1.66082e-06
2370,1.58883e-06
2371,1.44102e-06
2372,1.67172e-06
2373,1.58863e-06
2374,1.55736e-06
2375,1.59238e-06
2376,1.61602e-06
2377,1.57152e-06
2378,1.53015e-06
2379,1.51073e-06
2380,1.46014e-06
2381,1.61349e-06
2382,1.57215e-06
2383,1.58708e-06
2384,1.56687e-06
2385,1.69596e-06
2386,1.65410e-06
2387,1.74022e-06
2388,1.66994e-06
2389,1.65720e-06
2390,1.53809e-06
2391,1.50772e-06
2392,1.62910e-06
2393,1.59264e-06
2394,1.57550e-06
2395,1.67033e-06
2396,1.74558e-06
2397,1.60143e-06
2398,1.61466e-06
2399,1.56208e-06
2400,1.59896e-06
2401,1.67533e-06
2402,1.76477e-06
2403,1.72466e-06
2404,1.68203e-06
2405,1.53707e-06
2406,1.67388e-06
2407,1.50380e-06
2408,1.66626e-06
2409,1.55205e-06
2410,1.60041e-06
2411,1.53415e-06
2412,1.63555e-06
2413,1.60034e-06
2414,1.63779e-06
2415,1.44550e-06
2416,1.64901e-06
2417,1.69163e-06
2418,1.50896e-06
2419,1.55662e-06
2420,1.61226e-06
2421,1.61745e-06
2422,1.59376e-06
2423,1.52393e-06
2424,1.54719e-06
2425,1.52915e-06
2426,1.50445e-06
2427,1.55433e-06
2428,1.64581e-06
2429,1.62013e-06
2430,1.65363e-06
2431,1.68425e-06
2432,1.62355e-06
2433,1.72582e-06
2434,1.69083e-06
2435,1.73691e-06
2436,1.51473e-06
2437,1.76710e-06
2438,1.67121e-06
2439,1.65084e-06
2440,1.87523e-06
2441,1.71500e-06
2442,1.70394e-06
2443,1.73270e-06
2444,1.54906e-06
2445,1.65071e-06
2446,1.56786e-06
2447,1.58420e-06
2448,1.57339e-06
2449,1.60861e-06
2450,1.55572e-06
2451,1.67406e-06
2452,1.52535e-06
2453,1.70070e-06
2454,1.50956e-06
2455,1.49324e-06
2456,1.54894e-06
2457,1.65975e-06
2458,1.47942e-06
2459,1.59152e-06
2460,1.35988e-06
2461,1.50597e-06
2462,1.51184e-06
2463,1.69664e-06
2464,1.68268e-06
2465,1.44778e-06
2466,1.58468e-06
2467,1.58624e-06
2468,1.57513e-06
2469,1.50790e-06
2470,1.59275e-06
2471,1.62354e-06
2472,1.59127e-06
2473,1.51720e-06
2474,1.60040e-06
2475,1.39343e-06
2476,1.58256e-06
2477,1.41667e-06
2478,1.47157e-06
2479,1.52592e-06
2480,1.50771e-06
2481,1.62226e-06
2482,1.58064e-06
2483,1.64663e-06
2484,1.62353e-06
2485,1.64450e-06
2486,1.51410e-06
2487,1.43318e-06
2488,1.58505e-06
2489,1.78959e-06
2490,1.70468e-06
2491,1.58214e-06
2492,1.56449e-06
2493,1.73629e-06
2494,1.40144e-06
2495,1.63958e-06
2496,1.60926e-06
2497,1.68911e-06
2498,1.68492e-06
2499,1.52360e-06
2500,1.41409e-06
2501,1.59306e-06
2502,1.53036e-06
2503,1.53110e-06
2504,1.60052e-06
2505,1.51182e-06
2506,1.45367e-06
2507,1.66279e-06
2508,1.58479e-06
2509,1.42146e-06
2510,1.60257e-06
2511,1.48315e-06
2512,1.49979e-06
2513,1.57523e-06
2514,1.49324e-06
2515,1.56950e-06
2516,1.56147e-06
2517,1.44000e-06
2518,1.44062e-06
2519,1.52407e-06
2520,1.69019e-06
2521,1.52547e-06
2522,1.46273e-06
2523,1.41885e-06
2524,1.54561e-06
2525,1.42435e-06
2526,1.59862e-06
2527,1.57992e-06
2528,1.67440e-06
2529,1.44752e-06
2530,1.59832e-06
2531,1.40746e-06
2532,1.47892e-06
2533,1.39613e-06
2534,1.58111e-06
2535,1.59533e-06
2536,1.46125e-06
2537,1.60434e-06
2538,1.57531e-06
2539,1.63472e-06
2540,1.50379e-06
2541,1.61750e-06
2542,1.54179e-06
2543,1.45592e-06
2544,1.63118e-06
2545,1.72298e-06
2546,1.63860e-06
2547,1.53331e-06
2548,1.46791e-06
2549,1.42864e-06
2550,1.48285e-06
2551,1.36689e-06
2552,1.49927e-06
2553,1.36300e-06
2554,1.54264e-06
2555,1.63286e-06
2556,1.78443e-06
2557,1.57349e-06
2558,1.50176e-06
2559,1.47002e-06
2560,1.41745e-06
2561,1.57494e-06
2562,1.46663e-06
2563,1.56533e-06
2564,1.77372e-06
2565,1.50705e-06
2566,1.50044e-06
2567,1.66940e-06
2568,1.68571e-06
2569,1.58510e-06
2570,1.54551e-06
2571,1.49957e-06
2572,1.58820e-06
2573,1.64195e-06
2574,1.71637e-06
2575,1.64714e-06
2576,1.61801e-06
2577,1.94365e-06
2578,1.68296e-06
2579,1.67142e-06
2580,1.77930e-06
2581,1.69870e-06
2582,1.63681e-06
2583,1.52610e-06
2584,1.68781e-06
2585,1.72245e-06
2586,1.59098e-06
2587,1.58311e-06
2588,1.68679e-06
2589,1.89612e-06
2590,1.77810e-06
2591,1.90931e-06
2592,1.75374e-06
2593,1.90252e-06
2594,1.69449e-06
2595,1.76126e-06
2596,1.73047e-06
2597,1.60139e-06
2598,1.57970e-06
2599,1.75957e-06
2600,1.78973e-06
2601,1.72931e-06
2602,1.56579e-06
2603,1.68721e-06
2604,1.75951e-06
2605,1.67318e-06
2606,1.65459e-06
2607,1.63859e-06
2608,1.72952e-06
2609,1.73662e-06
2610,1.56170e-06
2611,1.77192e-06
2612,1.67243e-06
2613,1.59509e-06
2614,1.69834e-06
2615,1.56914e-06
2616,1.59407e-06
2617,1.61693e-06
2618,1.63469e-06
2619,1.71803e-06
2620,1.67552e-06
2621,1.61588e-06
2622,1.65209e-06
2623,1.63958e-06
2624,1.49728e-06
2625,1.72337e-06
2626,1.66766e-06
2627,1.64526e-06
2628,1.70179e-06
2629,1.59419e-06
2630,1.66832e-06
2631,1.61550e-06
2632,1.71230e-06
2633,1.73922e-06
2634,1.61284e-06
2635,1.68341e-06
2636,1.64775e-06
2637,1.51376e-06
2638,1.43791e-06
2639,1.49084e-06
2640,1.51846e-06
2641,1.60852e-06
2642,1.59737e-06
2643,1.68573e-06
2644,1.59208e-06
2645,1.46088e-06
2646,1.53752e-06
2647,1.64129e-06
2648,1.53804e-06
2649,1.68523e-06
2650,1.68331e-06
2651,1.71473e-06
2652,1.63737e-06
2653,1.69851e-06
2654,1.78197e-06
2655,1.59102e-06
2656,1.64181e-06
2657,1.74487e-06
2658,1.62317e-06
2659,1.69470e-06
2660,1.61190e-06
2661,1.62259e-06
2662,1.64927e-06
2663,1.60480e-06
2664,1.54371e-06
2665,1.71994e-06
2666,1.58023e-06
2667,1.70183e-06
2668,1.68788e-06
2669,1.51393e-06
2670,1.70703e-06
2671,1.56750e-06
2672,1.58246e-06
2673,1.73052e-06
2674,1.68945e-06
2675,1.61752e-06
2676,1.56739e-06
2677,1.62981e-06
2678,1.55292e-06
2679,1.66217e-06
2680,1.59354e-06
2681,1.58097e-06
2682,1.56330e-06
2683,1.48993e-06
2684,1.52354e-06
2685,1.66592e-06
2686,1.54710e-06
2687,1.64791e-06
2688,1.51977e-06
2689,1.60570e-06
2690,1.75653e-06
2691,1.85198e-06
2692,1.74736e-06
2693,1.77693e-06
2694,1.81430e-06
2695,1.75162e-06
2696,1.85193e-06
2697,1.76532e-06
2698,1.79364e-06
2699,1.89201e-06
2700,1.77003e-06
2701,1.77557e-06
2702,1.86107e-06
2703,1.60324e-06
2704,1.67517e-06
2705,1.73844e-06
2706,1.57669e-06
2707,1.63919e-06
2708,1.58120e-06
2709,1.67219e-06
2710,1.79521e-06
2711,1.55636e-06
2712,1.53226e-06
2713,1.60046e-06
2714,1.55587e-06
2715,1.77610e-06
2716,1.52512e-06
2717,1.77184e-06
2718,1.75678e-06
2719,1.77241e-06
2720,1.73299e-06
2721,1.86681e-06
2722,1.70830e-06
2723,1.72428e-06
2724,1.65346e-06
2725,1.70637e-06
2726,1.60143e-06
2727,1.55371e-06
2728,1.60465e-06
2729,1.69911e-06
2730,1.62755e-06
2731,1.59396e-06
2732,1.79880e-06
2733,1.59981e-06
2734,1.60626e-06
2735,1.59990e-06
2736,1.59467e-06
2737,1.56942e-06
2738,1.54561e-06
2739,1.51619e-06
2740,1.64270e-06
2741,1.59125e-06
2742,1.52689e-06
2743,1.62987e-06
2744,1.63985e-06
2745,1.51118e-06
2746,1.68392e-06
2747,1.61633e-06
2748,1.92033e-06
2749,1.73472e-06
2750,1.58532e-06
2751,1.71780e-06
2752,1.65226e-06
2753,1.79406e-06
2754,1.88531e-06
2755,1.63348e-06
2756,1.65835e-06
2757,1.66210e-06
2758,1.76955e-06
2759,1.78781e-06
2760,1.72556e-06
2761,1.75621e-06
2762,1.78497e-06
2763,1.79459e-06
2764,1.70715e-06
2765,1.77625e-06
2766,1.76302e-06
2767,1.46463e-06
2768,1.61457e-06
2769,1.60667e-06
2770,1.53492e-06
2771,1.74862e-06
2772,1.59619e-06
2773,1.68266e-06
2774,1.67633e-06
2775,1.56925e-06
2776,1.70013e-06
2777,1.70433e-06
2778,1.61257e-06
2779,1.62494e-06
2780,1.96113e-06
2781,1.69862e-06
2782,1.63514e-06
2783,1.77169e-06
2784,1.66319e-06
2785,1.63634e-06
2786,1.53769e-06
2787,1.75158e-06
2788,1.60495e-06
2789,1.68841e-06
2790,1.71510e-06
2791,1.57819e-06
2792,1.64732e-06
2793,1.66147e-06
2794,1.54241e-06
2795,1.74938e-06
2796,1.63051e-06
2797,1.63273e-06
2798,1.69651e-06
2799,1.62513e-06
2800,1.63383e-06
2801,1.58004e-06
2802,1.67879e-06
2803,1.72622e-06
2804,1.67210e-06
2805,1.64702e-06
2806,1.82150e-06
2807,1.78399e-06
2808,1.71757e-06
2809,1.54157e-06
2810,1.63653e-06
2811,1.59600e-06
2812,1.59948e-06
2813,1.52437e-06
2814,1.69468e-06
2815,1.66183e-06
2816,1.75961e-06
2817,1.63315e-06
2818,1.61468e-06
2819,1.54590e-06
2820,1.73805e-06
2821,1.69000e-06
2822,1.50052e-06
2823,1.57322e-06
2824,1.61194e-06
2825,1.62896e-06
2826,1.70082e-06
2827,1.53419e-06
2828,1.57485e-06
2829,1.62591e-06
2830,1.56760e-06
2831,1.61428e-06
2832,1.65964e-06
2833,1.54362e-06
2834,1.67444e-06
2835,1.61135e-06
2836,1.65514e-06
2837,1.57931e-06
2838,1.63495e-06
2839,1.62359e-06
2840,1.74549e-06
2841,1.90179e-06
2842,1.80940e-06
2843,1.71816e-06
2844,1.70060e-06
2845,1.66586e-06
2846,1.61850e-06
2847,1.78840e-06
2848,1.81464e-06
2849,1.84624e-06
2850,1.90834e-06
2851,1.79778e-06
2852,1.77511e-06
2853,1.78295e-06
2854,1.84422e-06
2855,1.75719e-06
2856,1.87366e-06
2857,2.01902e-06
2858,1.87773e-06
2859,1.65010e-06
2860,1.63116e-06
2861,1.82487e-06
2862,1.76598e-06
2863,1.75832e-06
2864,1.74217e-06
2865,1.75877e-06
2866,1.61168e-06
2867,1.72285e-06
2868,1.70157e-06
2869,1.70992e-06
2870,1.59372e-06
2871,1.78573e-06
2872,1.73620e-06
2873,1.71060e-06
2874,1.50495e-06
2875,1.73770e-06
2876,1.58074e-06
2877,1.56517e-06
2878,1.54820e-06
2879,1.79221e-06
2880,1.76099e-06
2881,1.53963e-06
2882,1.56745e-06
2883,1.69466e-06
2884,1.50052e-06
2885,1.66442e-06
2886,1.79903e-06
2887,1.66901e-06
2888,1.56657e-06
2889,1.58254e-06
2890,1.60763e-06
2891,1.69520e-06
2892,1.77298e-06
2893,1.66198e-06
2894,1.69158e-06
2895,1.73417e-06
2896,1.68452e-06
2897,1.81246e-06
2898,1.61888e-06
2899,1.72316e-06
2900,1.58366e-06
2901,1.75272e-06
2902,1.75023e-06
2903,1.79675e-06
2904,1.68823e-06
2905,1.71711e-06
2906,1.64632e-06
2907,1.50600e-06
2908,1.64810e-06
2909,1.62466e-06
2910,1.49202e-06
2911,1.59430e-06
2912,1.73864e-06
2913,1.77560e-06
2914,1.62652e-06
2915,1.55914e-06
2916,1.64494e-06
2917,1.69228e-06
2918,1.68568e-06
2919,1.74119e-06
2920,1.65750e-06
2921,1.66058e-06
2922,1.60535e-06
2923,1.67163e-06
2924,1.66292e-06
2925,1.77306e-06
2926,1.53303e-06
2927,1.69216e-06
2928,1.71068e-06
2929,1.68189e-06
2930,1.66427e-06
2931,1.68609e-06
2932,1.65692e-06
2933,1.73227e-06
2934,1.59934e-06
2935,1.70765e-06
2936,1.70332e-06
2937,1.65330e-06
2938,1.73551e-06
2939,1.58344e-06
2940,1.65362e-06
2941,1.53120e-06
2942,1.68966e-06
2943,1.70244e-06
2944,1.73709e-06
2945,1.69723e-06
2946,1.85126e-06
2947,1.89729e-06
2948,1.74782e-06
2949,1.67540e-06
2950,1.56151e-06
2951,1.66643e-06
2952,1.64625e-06
2953,1.74235e-06
2954,1.70598e-06
2955,1.77103e-06
2956,1.84456e-06
2957,1.80091e-06
2958,1.91689e-06
2959,1.82377e-06
2960,1.66406e-06
2961,1.81917e-06
2962,1.71737e-06
2963,1.72774e-06
2964,1.85371e-06
2965,1.79852e-06
2966,1.70053e-06
2967,1.73710e-06
2968,1.80362e-06
2969,1.66506e-06
2970,1.62001e-06
2971,1.76551e-06
2972,1.66118e-06
2973,1.74272e-06
2974,1.61492e-06
2975,1.73592e-06
2976,1.68263e-06
2977,1.58561e-06
2978,1.74284e-06
2979,1.64282e-06
2980,1.68671e-06
2981,1.75396e-06
2982,1.73078e-06
2983,1.82965e-06
2984,1.68329e-06
2985,1.66545e-06
2986,1.69161e-06
2987,1.64348e-06
2988,1.77542e-06
2989,1.62677e-06
2990,1.66885e-06
2991,1.73130e-06
2992,1.66278e-06
2993,1.71603e-06
2994,1.75235e-06
2995,1.69124e-06
2996,1.76347e-06
2997,1.72561e-06
2998,1.56327e-06
2999,1.62989e-06
3000,1.68847e-06
3001,1.84510e-06
3002,1.83328e-06
3003,1.69144e-06
3004,1.76315e-06
3005,1.70110e-06
3006,1.64762e-06
3007,1.64302e-06
3008,1.84896e-06
3009,1.66536e-06
3010,1.79203e-06
3011,1.53041e-06
3012,1.73993e-06
3013,1.81267e-06
3014,1.57068e-06
3015,1.71407e-06
3016,1.78499e-06
3017,1.67433e-06
3018,1.72323e-06
3019,1.71390e-06
3020,1.86802e-06
3021,1.91216e-06
3022,1.80383e-06
3023,1.66377e-06
3024,1.76631e-06
3025,1.67954e-06
3026,1.68511e-06
3027,1.54406e-06
3028,1.58732e-06
3029,1.70391e-06
3030,1.58587e-06
3031,1.79809e-06
3032,1.69600e-06
3033,1.62158e-06
3034,1.73773e-06
3035,1.69723e-06
3036,1.64309e-06
3037,1.72621e-06
3038,1.79959e-06
3039,1.72779e-06
3040,1.75301e-06
3041,1.76384e-06
3042,1.70290e-06
3043,1.85753e-06
3044,1.70782e-06
3045,1.73697e-06
3046,1.79033e-06
3047,1.82422e-06
3048,1.90053e-06
3049,1.84631e-06
3050,1.62487e-06
3051,1.69302e-06
3052,1.58475e-06
3053,1.70467e-06
3054,1.61066e-06
3055,1.63996e-06
3056,1.68313e-06
3057,1.63317e-06
3058,1.75013e-06
3059,1.63284e-06
3060,1.70121e-06
3061,1.82347e-06
3062,1.60402e-06
3063,1.81824e-06
3064,1.59482e-06
3065,1.56553e-06
3066,1.60693e-06
3067,1.48452e-06
3068,1.72672e-06
3069,1.67506e-06
3070,1.73156e-06
3071,1.62076e-06
3072,1.64187e-06
3073,1.66017e-06
3074,1.66704e-06
3075,1.75189e-06
3076,1.80165e-06
3077,1.50091e-06
3078,1.73939e-06
3079,1.71626e-06
3080,1.73705e-06
3081,1.65426e-06
3082,1.72600e-06
3083,1.59284e-06
3084,1.66915e-06
3085,1.59741e-06
3086,1.63141e-06
3087,1.51124e-06
3088,1.67305e-06
3089,1.75408e-06
3090,1.53963e-06
3091,1.70348e-06
3092,1.66590e-06
3093,1.66437e-06
3094,1.79663e-06
3095,1.74106e-06
3096,1.55879e-06
3097,1.69098e-06
3098,1.59178e-06
3099,1.70915e-06
3100,1.65077e-06
3101,1.51947e-06
3102,1.50284e-06
3103,1.58145e-06
3104,1.67078e-06
3105,1.64155e-06
3106,1.53873e-06
3107,1.56751e-06
3108,1.65243e-06
3109,1.63242e-06
3110,1.57193e-06
3111,1.47271e-06
3112,1.65207e-06
3113,1.64141e-06
3114,1.69970e-06
3115,1.71648e-06
3116,1.68881e-06
3117,1.76207e-06
3118,1.62294e-06
3119,1.70475e-06
3120,1.88592e-06
3121,1.85951e-06
3122,1.70407e-06
3123,1.72549e-06
3124,1.58486e-06
3125,1.66867e-06
3126,1.55531e-06
3127,1.64944e-06
3128,1.72083e-06
3129,1.70919e-06
3130,1.71718e-06
3131,1.52775e-06
3132,1.61505e-06
3133,1.59769e-06
3134,1.67580e-06
3135,1.50290e-06
3136,1.58392e-06
3137,1.57267e-06
3138,1.61034e-06
3139,1.60360e-06
3140,1.63510e-06
3141,1.53956e-06
3142,1.56134e-06
3143,1.63049e-06
3144,1.49850e-06
3145,1.53435e-06
3146,1.69938e-06
3147,1.58988e-06
3148,1.62764e-06
3149,1.66403e-06
3150,1.54983e-06
3151,1.52434e-06
3152,1.57964e-06
3153,1.56791e-06
3154,1.51124e-06
3155,1.58442e-06
3156,1.44377e-06
3157,1.47607e-06
3158,1.74663e-06
3159,1.54789e-06
3160,1.70184e-06
3161,1.54217e-06
3162,1.53586e-06
3163,1.50538e-06
3164,1.58285e-06
3165,1.60806e-06
3166,1.66021e-06
3167,1.73361e-06
3168,1.50373e-06
3169,1.63071e-06
3170,1.64594e-06
3171,1.57005e-06
3172,1.50634e-06
3173,1.51772e-06
3174,1.57944e-06
3175,1.58563e-06
3176,1.58236e-06
3177,1.52114e-06
3178,1.67024e-06
3179,1.48502e-06
3180,1.64158e-06
3181,1.58973e-06
3182,1.67014e-06
3183,1.61844e-06
3184,1.60313e-06
3185,1.55211e-06
3186,1.57400e-06
3187,1.63877e-06
3188,1.73293e-06
3189,1.68610e-06
3190,1.75179e-06
3191,1.39334e-06
3192,1.68201e-06
3193,1.75070e-06
3194,1.67387e-06
3195,1.67215e-06
3196,1.63751e-06
3197,1.52232e-06
3198,1.60044e-06
3199,1.60748e-06
3200,1.73582e-06
3201,1.67503e-06
3202,1.56763e-06
3203,1.55045e-06
3204,1.58416e-06
3205,1.46218e-06
3206,1.49751e-06
3207,1.63642e-06
3208,1.54967e-06
3209,1.70364e-06
3210,1.77776e-06
3211,1.73522e-06
3212,1.63596e-06
3213,1.59355e-06
3214,1.58107e-06
3215,1.63392e-06
3216,1.53426e-06
3217,1.48022e-06
3218,1.69381e-06
3219,1.69892e-06
3220,1.62933e-06
3221,1.58892e-06
3222,1.55311e-06
3223,1.48470e-06
3224,1.60996e-06
3225,1.68677e-06
3226,1.60887e-06
3227,1.75809e-06
3228,1.76641e-06
3229,1.63148e-06
3230,1.63902e-06
3231,1.51153e-06
3232,1.63181e-06
3233,1.47979e-06
3234,1.60057e-06
3235,1.79017e-06
3236,1.67029e-06
3237,1.51601e-06
3238,1.62398e-06
3239,1.69601e-06
3240,1.61533e-06
3241,1.66526e-06
3242,1.64568e-06
3243,1.70039e-06
3244,1.63856e-06
3245,1.56219e-06
3246,1.60526e-06
3247,1.54557e-06
3248,1.46927e-06
3249,1.38990e-06
3250,1.68164e-06
3251,1.53172e-06
3252,1.57733e-06
3253,1.49469e-06
3254,1.52542e-06
3255,1.72594e-06
3256,1.64838e-06
3257,1.75406e-06
3258,1.60781e-06
3259,1.59242e-06
3260,1.75410e-06
3261,1.70774e-06
3262,1.67861e-06
3263,1.70921e-06
3264,1.59338e-06
3265,1.57878e-06
3266,1.64753e-06
3267,1.64190e-06
3268,1.51476e-06
3269,1.61152e-06
3270,1.55794e-06
3271,1.46148e-06
3272,1.62671e-06
3273,1.52398e-06
3274,1.60807e-06
3275,1.63009e-06
3276,1.69366e-06
3277,1.54454e-06
3278,1.59740e-06
3279,1.56455e-06
3280,1.55698e-06
3281,1.51513e-06
3282,1.51014e-06
3283,1.59605e-06
3284,1.54177e-06
3285,1.60124e-06
3286,1.52213e-06
3287,1.55597e-06
3288,1.51387e-06
3289,1.53811e-06
3290,1.63503e-06
3291,1.62289e-06
3292,1.72539e-06
3293,1.64327e-06
3294,1.60751e-06
3295,1.41674e-06
3296,1.73834e-06
3297,1.49668e-06
3298,1.67308e-06
3299,1.63697e-06
3300,1.80567e-06
3301,1.71677e-06
3302,1.69454e-06
3303,1.59027e-06
3304,1.64375e-06
3305,1.60141e-06
3306,1.62958e-06
3307,1.55045e-06
3308,1.41412e-06
3309,1.43877e-06
3310,1.55060e-06
3311,1.56790e-06
3312,1.52570e-06
3313,1.50272e-06
3314,1.55014e-06
3315,1.60640e-06
3316,1.55968e-06
3317,1.49671e-06
3318,1.57217e-06
3319,1.74118e-06
3320,1.65821e-06
3321,1.83126e-06
3322,1.60602e-06
3323,1.76502e-06
3324,1.71095e-06
3325,1.76775e-06
3326,1.64366e-06
3327,1.66991e-06
3328,1.52319e-06
3329,1.56716e-06
3330,1.51488e-06
3331,1.65354e-06
3332,1.59788e-06
3333,1.66244e-06
3334,1.62946e-06
3335,1.71122e-06
3336,1.68442e-06
3337,1.57848e-06
3338,1.53811e-06
3339,1.49706e-06
3340,1.49640e-06
3341,1.53818e-06
3342,1.53342e-06
3343,1.55436e-06
3344,1.63424e-06
3345,1.37837e-06
3346,1.47524e-06
3347,1.46947e-06
3348,1.40995e-06
3349,1.34664e-06
3350,1.59274e-06
3351,1.59958e-06
3352,1.50726e-06
3353,1.66933e-06
3354,1.61239e-06
3355,1.57957e-06
3356,1.66328e-06
3357,1.73751e-06
3358,1.63962e-06
3359,1.71372e-06
3360,1.72048e-06
3361,1.59017e-06
3362,1.61506e-06
3363,1.68770e-06
3364,1.50731e-06
3365,1.64584e-06
3366,1.62439e-06
3367,1.59116e-06
3368,1.65125e-06
3369,1.71478e-06
3370,1.69012e-06
3371,1.57988e-06
3372,1.50482e-06
3373,1.73310e-06
3374,1.66060e-06
3375,1.62559e-06
3376,1.67378e-06
3377,1.70772e-06
3378,1.76391e-06
3379,1.66662e-06
3380,1.63029e-06
3381,1.52967e-06
3382,1.57068e-06
3383,1.55258e-06
3384,1.55436e-06
3385,1.69914e-06
3386,1.55173e-06
3387,1.52402e-06
3388,1.58002e-06
3389,1.43905e-06
3390,1.73998e-06
3391,1.62055e-06
3392,1.59524e-06
3393,1.75768e-06
3394,1.68326e-06
3395,1.78050e-06
3396,1.58109e-06
3397,1.60979e-06
3398,1.66888e-06
3399,1.67964e-06
3400,1.66355e-06
3401,1.61626e-06
3402,1.67719e-06
3403,1.66308e-06
3404,1.68367e-06
3405,1.62057e-06
3406,1.55960e-06
3407,1.73420e-06
3408,1.50494e-06
3409,1.69902e-06
3410,1.71125e-06
3411,1.63535e-06
3412,1.76955e-06
3413,1.68188e-06
3414,1.65371e-06
3415,1.65044e-06
3416,1.73838e-06
3417,1.77667e-06
3418,1.69210e-06
3419,1.82160e-06
3420,1.70700e-06
3421,1.70739e-06
3422,1.59364e-06
3423,1.48187e-06
3424,1.64733e-06
3425,1.76208e-06
3426,1.67770e-06
3427,1.76572e-06
3428,1.76137e-06
3429,1.67947e-06
3430,1.63281e-06
3431,1.71483e-06
3432,1.73295e-06
3433,1.58979e-06
3434,1.76482e-06
3435,1.58546e-06
3436,1.51874e-06
3437,1.53407e-06
3438,1.51294e-06
3439,1.71410e-06
3440,1.41501e-06
3441,1.62317e-06
3442,1.54235e-06
3443,1.59473e-06
3444,1.58299e-06
3445,1.72919e-06
3446,1.63987e-06
3447,1.76559e-06
3448,1.69489e-06
3449,1.72517e-06
3450,1.68065e-06
3451,1.64782e-06
3452,1.64018e-06
3453,1.80131e-06
3454,1.66392e-06
3455,1.60737e-06
3456,1.80722e-06
3457,1.84657e-06
3458,1.76332e-06
3459,1.74570e-06
3460,1.72953e-06
3461,1.68164e-06
3462,1.66687e-06
3463,1.61246e-06
3464,1.67729e-06
3465,1.65007e-06
3466,1.60035e-06
3467,1.77683e-06
3468,1.87513e-06
3469,1.77066e-06
3470,1.75665e-06
3471,1.80358e-06
3472,1.59952e-06
3473,1.62775e-06
3474,1.49577e-06
3475,1.75268e-06
3476,1.75940e-06
3477,1.71532e-06
3478,1.52234e-06
3479,1.57654e-06
3480,1.68409e-06
3481,1.58769e-06
3482,1.64269e-06
3483,1.42607e-06
3484,1.66855e-06
3485,1.65141e-06
3486,1.69597e-06
3487,1.69862e-06
3488,1.82031e-06
3489,1.77264e-06
3490,1.74606e-06
3491,1.70190e-06
3492,1.70371e-06
3493,1.61570e-06
3494,1.72577e-06
3495,1.60515e-06
3496,1.64410e-06
3497,1.68391e-06
3498,1.60925e-06
3499,1.67549e-06
3500,1.69530e-06
3501,1.85995e-06
3502,1.78222e-06
3503,1.68712e-06
3504,1.64781e-06
3505,1.64920e-06
3506,1.63631e-06
3507,1.79086e-06
3508,1.69776e-06
3509,1.62517e-06
3510,1.59193e-06
3511,1.59987e-06
3512,1.46342e-06
3513,1.62093e-06
3514,1.66159e-06
3515,1.68063e-06
3516,1.66872e-06
3517,1.63584e-06
3518,1.60179e-06
3519,1.38281e-06
3520,1.64542e-06
3521,1.68844e-06
3522,1.56692e-06
3523,1.72516e-06
3524,1.74131e-06
3525,1.54431e-06
3526,1.79153e-06
3527,1.46268e-06
3528,1.59101e-06
3529,1.64577e-06
3530,1.62824e-06
3531,1.56532e-06
3532,1.66516e-06
3533,1.71461e-06
3534,1.53865e-06
3535,1.72535e-06
3536,1.67285e-06
3537,1.59203e-06
3538,1.46156e-06
3539,1.47621e-06
3540,1.59297e-06
3541,1.48903e-06
3542,1.52266e-06
3543,1.61840e-06
3544,1.65474e-06
3545,1.59201e-06
3546,1.65668e-06
3547,1.57187e-06
3548,1.59230e-06
3549,1.60175e-06
3550,1.59741e-06
3551,1.56592e-06
3552,1.63918e-06
3553,1.70134e-06
3554,1.70656e-06
3555,1.69837e-06
3556,1.75493e-06
3557,1.61261e-06
3558,1.40447e-06
3559,1.43476e-06
3560,1.59868e-06
3561,1.33824e-06
3562,1.33417e-06
3563,1.50528e-06
3564,1.62108e-06
3565,1.40587e-06
3566,1.49378e-06
3567,1.49959e-06
3568,1.71918e-06
3569,1.64132e-06
3570,1.48189e-06
3571,1.62947e-06
3572,1.47660e-06
3573,1.52079e-06
3574,1.60576e-06
3575,1.56640e-06
3576,1.58152e-06
3577,1.67312e-06
3578,1.57712e-06
3579,1.55456e-06
3580,1.69974e-06
3581,1.51063e-06
3582,1.55547e-06
3583,1.38764e-06
3584,1.52009e-06
3585,1.55762e-06
3586,1.60450e-06
3587,1.66474e-06
3588,1.61323e-06
3589,1.51986e-06
3590,1.63584e-06
3591,1.52084e-06
3592,1.49435e-06
3593,1.62885e-06
3594,1.51069e-06
3595,1.50053e-06
3596,1.53112e-06
3597,1.51675e-06
3598,1.32959e-06
3599,1.69638e-06
3600,1.74330e-06
3601,1.62360e-06
3602,1.69793e-06
3603,1.59585e-06
3604,1.60141e-06
3605,1.56179e-06
3606,1.46773e-06
3607,1.54240e-06
3608,1.54903e-06
3609,1.69938e-06
3610,1.54918e-06
3611,1.56468e-06
3612,1.59533e-06
3613,1.68436e-06
3614,1.46138e-06
3615,1.53241e-06
3616,1.45339e-06
3617,1.65273e-06
3618,1.67090e-06
3619,1.54504e-06
3620,1.45452e-06
3621,1.56456e-06
3622,1.43449e-06
3623,1.67117e-06
3624,1.59686e-06
3625,1.57943e-06
3626,1.61224e-06
3627,1.47332e-06
3628,1.42920e-06
3629,1.64448e-06
3630,1.66169e-06
3631,1.53512e-06
3632,1.48601e-06
3633,1.44761e-06
3634,1.64256e-06
3635,1.49272e-06
3636,1.67505e-06
3637,1.68265e-06
3638,1.72165e-06
3639,1.67283e-06
3640,1.72130e-06
3641,1.63503e-06
3642,1.60434e-06
3643,1.51681e-06
3644,1.52414e-06
3645,1.56567e-06
3646,1.58673e-06
3647,1.51552e-06
3648,1.52933e-06
3649,1.52387e-06
3650,1.50592e-06
3651,1.47367e-06
3652,1.46116e-06
3653,1.63590e-06
3654,1.54782e-06
3655,1.55079e-06
3656,1.59959e-06
3657,1.48253e-06
3658,1.60475e-06
3659,1.57953e-06
3660,1.52464e-06
3661,1.49741e-06
3662,1.41673e-06
3663,1.52636e-06
3664,1.71829e-06
3665,1.65279e-06
3666,1.55153e-06
3667,1.67559e-06
3668,1.50527e-06
3669,1.68591e-06
3670,1.65878e-06
3671,1.62912e-06
3672,1.53490e-06
3673,1.66386e-06
3674,1.68766e-06
3675,1.61287e-06
3676,1.49383e-06
3677,1.42919e-06
3678,1.48062e-06
3679,1.55764e-06
3680,1.53396e-06
3681,1.51509e-06
3682,1.52914e-06
3683,1.56561e-06
3684,1.59866e-06
3685,1.70831e-06
3686,1.67689e-06
3687,1.69892e-06
3688,1.64774e-06
3689,1.48096e-06
3690,1.64847e-06
3691,1.69407e-06
3692,1.67248e-06
3693,1.85951e-06
3694,1.58615e-06
3695,1.66450e-06
3696,1.53325e-06
3697,1.56777e-06
3698,1.59950e-06
3699,1.54341e-06
3700,1.45726e-06
3701,1.59951e-06
3702,1.56335e-06
3703,1.59557e-06
3704,1.59310e-06
3705,1.59479e-06
3706,1.65968e-06
3707,1.75652e-06
3708,1.68601e-06
3709,1.58440e-06
3710,1.61063e-06
3711,1.64954e-06
3712,1.77388e-06
3713,1.69788e-06
3714,1.79611e-06
3715,1.74876e-06
3716,1.86905e-06
3717,1.67241e-06
3718,1.60255e-06
3719,1.76595e-06
3720,1.70186e-06
3721,1.73456e-06
3722,1.51646e-06
3723,1.69887e-06
3724,1.60064e-06
3725,1.72283e-06
3726,1.57141e-06
3727,1.51102e-06
3728,1.67772e-06
3729,1.56828e-06
3730,1.57639e-06
3731,1.48526e-06
3732,1.60063e-06
3733,1.59203e-06
3734,1.64002e-06
3735,1.65425e-06
3736,1.53155e-06
3737,1.52166e-06
3738,1.59963e-06
3739,1.52356e-06
3740,1.52652e-06
3741,1.63402e-06
3742,1.68263e-06
3743,1.49554e-06
3744,1.57973e-06
3745,1.57756e-06
3746,1.52341e-06
3747,1.52513e-06
3748,1.52300e-06
3749,1.59727e-06
3750,1.71284e-06
3751,1.71505e-06
3752,1.65505e-06
3753,1.51805e-06
3754,1.60705e-06
3755,1.67143e-06
3756,1.68198e-06
3757,1.66436e-06
3758,1.66974e-06
3759,1.57196e-06
3760,1.61172e-06
3761,1.51111e-06
3762,1.55504e-06
3763,1.50689e-06
3764,1.49002e-06
3765,1.61685e-06
3766,1.43661e-06
3767,1.60374e-06
3768,1.45859e-06
3769,1.51504e-06
3770,1.48147e-06
3771,1.46731e-06
3772,1.51990e-06
3773,1.58025e-06
3774,1.40177e-06
3775,1.54233e-06
3776,1.48334e-06
3777,1.43303e-06
3778,1.61584e-06
3779,1.64744e-06
3780,1.58667e-06
3781,1.46660e-06
3782,1.50448e-06
3783,1.58788e-06
3784,1.57031e-06
3785,1.75692e-06
3786,1.75433e-06
3787,1.68655e-06
3788,1.59982e-06
3789,1.82571e-06
3790,1.71421e-06
3791,1.70648e-06
3792,1.60232e-06
3793,1.58964e-06
3794,1.53520e-06
3795,1.55688e-06
3796,1.62993e-06
3797,1.44118e-06
3798,1.46869e-06
3799,1.52902e-06
3800,1.67741e-06
3801,1.59362e-06
3802,1.61105e-06
3803,1.69578e-06
3804,1.53601e-06
3805,1.48683e-06
3806,1.65682e-06
3807,1.61074e-06
3808,1.53651e-06
3809,1.71154e-06
3810,1.70567e-06
3811,1.62841e-06
3812,1.68676e-06
3813,1.61323e-06
3814,1.58498e-06
3815,1.58099e-06
3816,1.53289e-06
3817,1.54546e-06
3818,1.53968e-06
3819,1.66258e-06
3820,1.58398e-06
3821,1.67718e-06
3822,1.66996e-06
3823,1.50415e-06
3824,1.51381e-06
3825,1.74652e-06
3826,1.66587e-06
3827,1.68274e-06
3828,1.58105e-06
3829,1.56041e-06
3830,1.76265e-06
3831,1.47714e-06
3832,1.56768e-06
3833,1.59107e-06
3834,1.50304e-06
3835,1.53819e-06
3836,1.41258e-06
3837,1.53434e-06
3838,1.54638e-06
3839,1.42121e-06
3840,1.44022e-06
3841,1.48016e-06
3842,1.38321e-06
3843,1.51655e-06
3844,1.53567e-06
3845,1.48782e-06
3846,1.45881e-06
3847,1.50917e-06
3848,1.50334e-06
3849,1.43179e-06
3850,1.52287e-06
3851,1.45280e-06
3852,1.58604e-06
3853,1.47533e-06
3854,1.48263e-06
3855,1.47346e-06
3856,1.49710e-06
3857,1.56058e-06
3858,1.62766e-06
3859,1.60257e-06
3860,1.56398e-06
3861,1.50761e-06
3862,1.50751e-06
3863,1.54254e-06
3864,1.72622e-06
3865,1.67591e-06
3866,1.60985e-06
3867,1.57607e-06
3868,1.57231e-06
3869,1.55191e-06
3870,1.51274e-06
3871,1.54211e-06
3872,1.53477e-06
3873,1.56273e-06
3874,1.67539e-06
3875,1.55295e-06
3876,1.52251e-06
3877,1.33464e-06
3878,1.54187e-06
3879,1.56041e-06
3880,1.46438e-06
3881,1.50493e-06
3882,1.64454e-06
3883,1.53663e-06
3884,1.46430e-06
3885,1.43655e-06
3886,1.45507e-06
3887,1.60972e-06
3888,1.65368e-06
3889,1.60677e-06
3890,1.54049e-06
3891,1.56165e-06
3892,1.57595e-06
3893,1.59130e-06
3894,1.56258e-06
3895,1.58429e-06
3896,1.65389e-06
3897,1.56415e-06
3898,1.65165e-06
3899,1.51674e-06
3900,1.71640e-06
3901,1.60837e-06
3902,1.68865e-06
3903,1.60705e-06
3904,1.51213e-06
3905,1.59949e-06
3906,1.47007e-06
3907,1.52997e-06
3908,1.49471e-06
3909,1.56368e-06
3910,1.66589e-06
3911,1.63771e-06
3912,1.77191e-06
3913,1.70444e-06
3914,1.75524e-06
3915,1.46675e-06
3916,1.63255e-06
3917,1.49416e-06
3918,1.60205e-06
3919,1.54776e-06
3920,1.68826e-06
3921,1.65414e-06
3922,1.68703e-06
3923,1.46301e-06
3924,1.48175e-06
3925,1.66224e-06
3926,1.55217e-06
3927,1.53524e-06
3928,1.50156e-06
3929,1.54216e-06
3930,1.59912e-06
3931,1.67659e-06
3932,1.49341e-06
3933,1.62921e-06
3934,1.71723e-06
3935,1.52606e-06
3936,1.58674e-06
3937,1.69814e-06
3938,1.62810e-06
3939,1.71730e-06
3940,1.56405e-06
3941,1.59625e-06
3942,1.68136e-06
3943,1.54412e-06
3944,1.67100e-06
3945,1.63344e-06
3946,1.64291e-06
3947,1.56933e-06
3948,1.57418e-06
3949,1.51970e-06
3950,1.69055e-06
3951,1.60049e-06
3952,1.68589e-06
3953,1.58623e-06
3954,1.63771e-06
3955,1.67055e-06
3956,1.73286e-06
3957,1.78296e-06
3958,1.63669e-06
3959,1.66397e-06
3960,1.51232e-06
3961,1.51813e-06
3962,1.59324e-06
3963,1.68582e-06
3964,1.53704e-06
3965,1.44679e-06
3966,1.69654e-06
3967,1.58572e-06
3968,1.63254e-06
3969,1.63732e-06
3970,1.48957e-06
3971,1.80817e-06
3972,1.57694e-06
3973,1.56225e-06
3974,1.63575e-06
3975,1.63999e-06
3976,1.45316e-06
3977,1.60855e-06
3978,1.58030e-06
3979,1.69650e-06
3980,1.63304e-06
3981,1.56971e-06
3982,1.53212e-06
3983,1.67236e-06
3984,1.53208e-06
3985,1.64702e-06
3986,1.74775e-06
3987,1.58333e-06
3988,1.57692e-06
3989,1.63223e-06
3990,1.54909e-06
3991,1.48600e-06
3992,1.49808e-06
3993,1.66714e-06
3994,1.73060e-06
3995,1.77133e-06
3996,1.47953e-06
3997,1.57521e-06
3998,1.48512e-06
3999,1.56353e-06
4000,1.59242e-06
4001,1.44405e-06
4002,1.70613e-06
4003,1.46068e-06
4004,1.62750e-06
4005,1.50039e-06
4006,1.54314e-06
4007,1.46879e-06
4008,1.51906e-06
4009,1.61172e-06
4010,1.75538e-06
4011,1.50525e-06
4012,1.67321e-06
4013,1.57634e-06
4014,1.72154e-06
4015,1.77603e-06
4016,1.62896e-06
4017,1.67897e-06
4018,1.76409e-06
4019,1.58243e-06
4020,1.80769e-06
4021,1.62803e-06
4022,1.56123e-06
4023,1.51654e-06
4024,1.72855e-06
4025,1.68648e-06
4026,1.63806e-06
4027,1.48688e-06
4028,1.43612e-06
4029,1.54085e-06
4030,1.55747e-06
4031,1.54309e-06
4032,1.54578e-06
4033,1.62207e-06
4034,1.60449e-06
4035,1.51955e-06
4036,1.71352e-06
4037,1.59017e-06
4038,1.71553e-06
4039,1.69085e-06
4040,1.54818e-06
4041,1.62837e-06
4042,1.52134e-06
4043,1.52766e-06
4044,1.74100e-06
4045,1.51997e-06
4046,1.65635e-06
4047,1.56436e-06
4048,1.59326e-06
4049,1.55385e-06
4050,1.59755e-06
4051,1.51782e-06
4052,1.63790e-06
4053,1.83728e-06
4054,1.73532e-06
4055,1.59564e-06
4056,1.57842e-06
4057,1.46609e-06
4058,1.35891e-06
4059,1.52581e-06
4060,1.52257e-06
4061,1.60385e-06
4062,1.79319e-06
4063,1.60115e-06
4064,1.67066e-06
4065,1.60592e-06
4066,1.81202e-06
4067,1.81246e-06
4068,1.60721e-06
4069,1.72507e-06
4070,1.74203e-06
4071,1.76280e-06
4072,1.69536e-06
4073,1.72480e-06
4074,1.56137e-06
4075,1.58156e-06
4076,1.56311e-06
4077,1.61435e-06
4078,1.51371e-06
4079,1.55113e-06
4080,1.60358e-06
4081,1.62713e-06
4082,1.67536e-06
4083,1.83263e-06
4084,1.82211e-06
4085,1.66237e-06
4086,1.62040e-06
4087,1.70176e-06
4088,1.61138e-06
4089,1.70987e-06
4090,1.72514e-06
4091,1.67007e-06
4092,1.76293e-06
4093,1.56768e-06
4094,1.51513e-06
4095,1.63896e-06
4096,1.56877e-06
4097,1.82031e-06
4098,1.57722e-06
4099,1.68934e-06
4100,1.75364e-06
4101,1.67760e-06
4102,1.64337e-06
4103,1.68547e-06
4104,1.61995e-06
4105,1.70671e-06
4106,1.76313e-06
4107,1.71528e-06
4108,1.70924e-06
4109,1.64051e-06
4110,1.69512e-06
4111,1.59449e-06
4112,1.71136e-06
4113,1.87474e-06
4114,1.71811e-06
4115,1.70015e-06
4116,1.85330e-06
4117,1.69607e-06
4118,1.67068e-06
4119,1.76235e-06
4120,1.59020e-06
4121,1.62040e-06
4122,1.54209e-06
4123,1.53855e-06
4124,1.66340e-06
4125,1.69963e-06
4126,1.63287e-06
4127,1.73506e-06
4128,1.75658e-06
4129,1.71847e-06
4130,1.55019e-06
4131,1.71305e-06
4132,1.65518e-06
4133,1.57404e-06
4134,1.79880e-06
4135,1.75521e-06
4136,1.64576e-06
4137,1.81502e-06
4138,1.75573e-06
4139,1.63793e-06
4140,1.52136e-06
4141,1.60703e-06
4142,1.58684e-06
4143,1.75541e-06
4144,1.69718e-06
4145,1.67347e-06
4146,1.63809e-06
4147,1.49852e-06
4148,1.59727e-06
4149,1.64171e-06
4150,1.70226e-06
4151,1.65094e-06
4152,1.70097e-06
4153,1.77165e-06
4154,1.75763e-06
4155,1.72291e-06
4156,1.68794e-06
4157,1.71837e-06
4158,1.71552e-06
4159,1.55780e-06
4160,1.56579e-06
4161,1.59836e-06
4162,1.61772e-06
4163,1.63796e-06
4164,1.63659e-06
4165,1.64925e-06
4166,1.66466e-06
4167,1.48467e-06
4168,1.62167e-06
4169,1.61149e-06
4170,1.58890e-06
4171,1.49517e-06
4172,1.58152e-06
4173,1.65991e-06
4174,1.66908e-06
4175,1.57819e-06
4176,1.79371e-06
4177,1.63552e-06
4178,1.66705e-06
4179,1.78437e-06
4180,1.58041e-06
4181,1.67427e-06
4182,1.50168e-06
4183,1.59529e-06
4184,1.55618e-06
4185,1.54884e-06
4186,1.50466e-06
4187,1.62858e-06
4188,1.59614e-06
4189,1.56642e-06
4190,1.64979e-06
4191,1.59757e-06
4192,1.59681e-06
4193,1.73047e-06
4194,1.80919e-06
4195,1.76723e-06
4196,1.76292e-06
4197,1.85671e-06
4198,1.68808e-06
4199,1.81542e-06
4200,1.87528e-06
4201,1.79679e-06
4202,1.63209e-06
4203,1.73381e-06
4204,1.62231e-06
4205,1.66044e-06
4206,1.70083e-06
4207,1.84224e-06
4208,1.79814e-06
4209,1.63811e-06
4210,1.58808e-06
4211,1.65045e-06
4212,1.88619e-06
4213,1.81010e-06
4214,1.96120e-06
4215,1.76471e-06
4216,1.65801e-06
4217,1.63280e-06
4218,1.57567e-06
4219,1.61369e-06
4220,1.55741e-06
4221,1.59935e-06
4222,1.67640e-06
4223,1.55275e-06
4224,1.58115e-06
4225,1.80937e-06
4226,1.76184e-06
4227,1.78705e-06
4228,1.56627e-06
4229,1.70377e-06
4230,1.58012e-06
4231,1.68807e-06
4232,1.80609e-06
4233,1.65055e-06
4234,1.86264e-06
4235,1.63778e-06
4236,1.80021e-06
4237,1.71903e-06
4238,1.47247e-06
4239,1.56826e-06
4240,1.70463e-06
4241,1.75549e-06
4242,1.74473e-06
4243,1.64632e-06
4244,1.81368e-06
4245,1.72107e-06
4246,1.75980e-06
4247,1.66086e-06
4248,1.74688e-06
4249,1.71827e-06
4250,1.75866e-06
4251,1.76462e-06
4252,1.54462e-06
4253,1.78134e-06
4254,1.73649e-06
4255,1.74131e-06
4256,1.76802e-06
4257,1.72798e-06
4258,1.67766e-06
4259,1.66631e-06
4260,1.56327e-06
4261,1.64227e-06
4262,1.77521e-06
4263,1.48317e-06
4264,1.62746e-06
4265,1.52456e-06
4266,1.61279e-06
4267,1.68136e-06
4268,1.53476e-06
4269,1.78651e-06
4270,1.75316e-06
4271,1.88560e-06
4272,1.69188e-06
4273,1.55741e-06
4274,1.72907e-06
4275,1.64210e-06
4276,1.72979e-06
4277,1.72502e-06
4278,1.79237e-06
4279,1.74967e-06
4280,1.62576e-06
4281,1.66445e-06
4282,1.51747e-06
4283,1.72783e-06
4284,1.57186e-06
4285,1.62342e-06
4286,1.62399e-06
4287,1.59788e-06
4288,1.73852e-06
4289,1.59377e-06
4290,1.71468e-06
4291,1.74824e-06
4292,1.74592e-06
4293,1.70976e-06
4294,1.59788e-06
4295,1.64226e-06
4296,1.70394e-06
4297,1.79733e-06
4298,1.84458e-06
4299,1.68960e-06
4300,1.57243e-06
4301,1.74959e-06
4302,1.87101e-06
4303,1.95250e-06
4304,1.71060e-06
4305,1.79327e-06
4306,1.75084e-06
4307,1.85588e-06
4308,1.74359e-06
4309,1.76873e-06
4310,1.81982e-06
4311,1.63597e-06
4312,1.84637e-06
4313,1.67510e-06
4314,1.71909e-06
4315,1.76512e-06
4316,1.51849e-06
4317,1.69469e-06
4318,1.77377e-06
4319,1.66286e-06
4320,1.82397e-06
4321,1.89237e-06
4322,1.85421e-06
4323,1.77106e-06
4324,1.72121e-06
4325,1.53734e-06
4326,1.65129e-06
4327,1.68028e-06
4328,1.68051e-06
4329,1.68065e-06
4330,1.76677e-06
4331,1.58468e-06
4332,1.68421e-06
4333,1.71279e-06
4334,1.72053e-06
4335,1.54360e-06
4336,1.69421e-06
4337,1.54574e-06
4338,1.71779e-06
4339,1.61796e-06
4340,1.57280e-06
4341,1.59069e-06
4342,1.76507e-06
4343,1.58250e-06
4344,1.61350e-06
4345,1.66900e-06
4346,1.62325e-06
4347,1.63075e-06
4348,1.62126e-06
4349,1.73175e-06
4350,1.61076e-06
4351,1.66351e-06
4352,1.56771e-06
4353,1.60718e-06
4354,1.51991e-06
4355,1.55289e-06
4356,1.53836e-06
4357,1.71513e-06
4358,1.63720e-06
4359,1.66925e-06
4360,1.91875e-06
4361,1.82778e-06
4362,1.86799e-06
4363,1.71790e-06
4364,1.59597e-06
4365,1.69572e-06
4366,1.78922e-06
4367,1.80353e-06
4368,1.73838e-06
4369,1.73962e-06
4370,1.70211e-06
4371,1.72019e-06
4372,1.72340e-06
4373,1.81121e-06
4374,1.72743e-06
4375,1.57034e-06
4376,1.53555e-06
4377,1.49409e-06
4378,1.55649e-06
4379,1.41329e-06
4380,1.65149e-06
4381,1.60816e-06
4382,1.76328e-06
4383,1.84466e-06
4384,1.64335e-06
4385,1.70531e-06
4386,1.63944e-06
4387,1.71645e-06
4388,1.62478e-06
4389,1.60409e-06
4390,1.75967e-06
4391,1.77645e-06
4392,1.93109e-06
4393,1.86530e-06
4394,1.80278e-06
4395,1.69618e-06
4396,1.67774e-06
4397,1.70727e-06
4398,1.56080e-06
4399,1.63362e-06
4400,1.60230e-06
4401,1.57010e-06
4402,1.70615e-06
4403,1.60621e-06
4404,1.56748e-06
4405,1.54830e-06
4406,1.69154e-06
4407,1.65731e-06
4408,1.69901e-06
4409,1.73293e-06
4410,1.69395e-06
4411,1.49033e-06
4412,1.66228e-06
4413,1.55384e-06
4414,1.47022e-06
4415,1.41921e-06
4416,1.56204e-06
4417,1.66158e-06
4418,1.55302e-06
4419,1.44320e-06
4420,1.62666e-06
4421,1.56663e-06
4422,1.44162e-06
4423,1.61666e-06
4424,1.54002e-06
4425,1.60121e-06
4426,1.66658e-06
4427,1.52681e-06
4428,1.60074e-06
4429,1.54476e-06
4430,1.63126e-06
4431,1.65746e-06
4432,1.60419e-06
4433,1.66904e-06
4434,1.65399e-06
4435,1.54492e-06
4436,1.49359e-06
4437,1.45911e-06
4438,1.50737e-06
4439,1.60321e-06
4440,1.61531e-06
4441,1.65573e-06
4442,1.56033e-06
4443,1.49147e-06
4444,1.77552e-06
4445,1.61857e-06
4446,1.60645e-06
4447,1.67197e-06
4448,1.51653e-06
4449,1.51160e-06
4450,1.47723e-06
4451,1.49368e-06
4452,1.52366e-06
4453,1.62527e-06
4454,1.70671e-06
4455,1.56889e-06
4456,1.77289e-06
4457,1.70459e-06
4458,1.67476e-06
4459,1.69400e-06
4460,1.68690e-06
4461,1.59053e-06
4462,1.68004e-06
4463,1.71814e-06
4464,1.64259e-06
4465,1.62272e-06
4466,1.65198e-06
4467,1.55401e-06
4468,1.60039e-06
4469,1.64761e-06
4470,1.57130e-06
4471,1.57040e-06
4472,1.70245e-06
4473,1.74924e-06
4474,1.73927e-06
4475,1.75811e-06
4476,1.57715e-06
4477,1.70334e-06
4478,1.76281e-06
4479,1.68215e-06
4480,1.79269e-06
4481,1.73702e-06
4482,1.65693e-06
4483,1.68567e-06
4484,1.68162e-06
4485,1.71706e-06
4486,1.65651e-06
4487,1.75180e-06
4488,1.66369e-06
4489,1.71886e-06
4490,1.78437e-06
4491,1.57300e-06
4492,1.65821e-06
4493,1.69809e-06
4494,1.52730e-06
4495,1.68594e-06
4496,1.76856e-06
4497,1.53518e-06
4498,1.75722e-06
4499,1.67778e-06
4500,1.50852e-06
4501,1.60598e-06
4502,1.52856e-06
4503,1.54190e-06
4504,1.71948e-06
4505,1.48928e-06
4506,1.52099e-06
4507,1.47958e-06
4508,1.56568e-06
4509,1.64793e-06
4510,1.51724e-06
4511,1.62209e-06
4512,1.60258e-06
4513,1.42975e-06
4514,1.45103e-06
4515,1.36557e-06
4516,1.60470e-06
4517,1.60168e-06
4518,1.48701e-06
4519,1.52706e-06
4520,1.46488e-06
4521,1.45238e-06
4522,1.53745e-06
4523,1.35789e-06
4524,1.38182e-06
4525,1.52711e-06
4526,1.54158e-06
4527,1.48673e-06
4528,1.74743e-06
4529,1.50483e-06
4530,1.49586e-06
4531,1.74007e-06
4532,1.64144e-06
4533,1.48452e-06
4534,1.59457e-06
4535,1.66943e-06
4536,1.63267e-06
4537,1.63189e-06
4538,1.60290e-06
4539,1.58823e-06
4540,1.54609e-06
4541,1.69026e-06
4542,1.65714e-06
4543,1.59535e-06
4544,1.55373e-06
4545,1.55496e-06
4546,1.55688e-06
4547,1.52783e-06
4548,1.55781e-06
4549,1.41719e-06
4550,1.62414e-06
4551,1.46879e-06
4552,1.49873e-06
4553,1.61393e-06
4554,1.58280e-06
4555,1.58945e-06
4556,1.60883e-06
4557,1.52295e-06
4558,1.53689e-06
4559,1.61956e-06
4560,1.61791e-06
4561,1.53156e-06
4562,1.45666e-06
4563,1.39787e-06
4564,1.58302e-06
4565,1.41119e-06
4566,1.50304e-06
4567,1.43430e-06
4568,1.46276e-06
4569,1.45346e-06
4570,1.54360e-06
4571,1.53978e-06
4572,1.54050e-06
4573,1.43310e-06
4574,1.37048e-06
4575,1.47296e-06
4576,1.42858e-06
4577,1.72312e-06
4578,1.48424e-06
4579,1.61425e-06
4580,1.54673e-06
4581,1.59028e-06
4582,1.62171e-06
4583,1.48003e-06
4584,1.45991e-06
4585,1.38497e-06
4586,1.41454e-06
4587,1.48368e-06
4588,1.35518e-06
4589,1.38878e-06
4590,1.56868e-06
4591,1.54315e-06
4592,1.52326e-06
4593,1.31961e-06
4594,1.51135e-06
4595,1.47319e-06
4596,1.61071e-06
4597,1.44611e-06
4598,1.53735e-06
4599,1.39243e-06
4600,1.52911e-06
4601,1.53354e-06
4602,1.39671e-06
4603,1.61295e-06
4604,1.70481e-06
4605,1.65597e-06
4606,1.59255e-06
4607,1.68632e-06
4608,1.54262e-06
4609,1.57578e-06
4610,1.67869e-06
4611,1.59373e-06
4612,1.70254e-06
4613,1.45738e-06
4614,1.64730e-06
4615,1.51595e-06
4616,1.62043e-06
4617,1.44554e-06
4618,1.60925e-06
4619,1.45167e-06
4620,1.53380e-06
4621,1.61684e-06
4622,1.54683e-06
4623,1.45146e-06
4624,1.45768e-06
4625,1.48675e-06
4626,1.55144e-06
4627,1.74220e-06
4628,1.69251e-06
4629,1.65432e-06
4630,1.63285e-06
4631,1.53027e-06
4632,1.78009e-06
4633,1.72911e-06
4634,1.56784e-06
4635,1.55149e-06
4636,1.54218e-06
4637,1.46751e-06
4638,1.47021e-06
4639,1.53520e-06
4640,1.52870e-06
4641,1.68355e-06
4642,1.52036e-06
4643,1.63376e-06
4644,1.54997e-06
4645,1.52857e-06
4646,1.53785e-06
4647,1.62275e-06
4648,1.76119e-06
4649,1.62300e-06
4650,1.63297e-06
4651,1.71827e-06
4652,1.46089e-06
4653,1.54515e-06
4654,1.38529e-06
4655,1.51072e-06
4656,1.62669e-06
4657,1.63765e-06
4658,1.59923e-06
4659,1.66880e-06
4660,1.50358e-06
4661,1.52426e-06
4662,1.55146e-06
4663,1.54892e-06
4664,1.51625e-06
4665,1.69277e-06
4666,1.68858e-06
4667,1.58482e-06
4668,1.59316e-06
4669,1.54347e-06
4670,1.56872e-06
4671,1.41718e-06
4672,1.44484e-06
4673,1.59965e-06
4674,1.59278e-06
4675,1.62485e-06
4676,1.61406e-06
4677,1.56921e-06
4678,1.54618e-06
4679,1.47327e-06
4680,1.56046e-06
4681,1.57447e-06
4682,1.53061e-06
4683,1.43186e-06
4684,1.51658e-06
4685,1.56867e-06
4686,1.54345e-06
4687,1.59795e-06
4688,1.52508e-06
4689,1.51809e-06
4690,1.73161e-06
4691,1.48310e-06
4692,1.54207e-06
4693,1.85385e-06
4694,1.68856e-06
4695,1.62740e-06
4696,1.53290e-06
4697,1.54383e-06
4698,1.47137e-06
4699,1.50145e-06
4700,1.47363e-06
4701,1.58465e-06
4702,1.44206e-06
4703,1.59486e-06
4704,1.53771e-06
4705,1.57437e-06
4706,1.51506e-06
4707,1.70255e-06
4708,1.49085e-06
4709,1.52551e-06
4710,1.50655e-06
4711,1.56148e-06
4712,1.48067e-06
4713,1.49591e-06
4714,1.44334e-06
4715,1.82864e-06
4716,1.51970e-06
4717,1.41867e-06
4718,1.55095e-06
4719,1.62425e-06
4720,1.52077e-06
4721,1.50498e-06
4722,1.48041e-06
4723,1.50719e-06
4724,1.42679e-06
4725,1.51514e-06
4726,1.57478e-06
4727,1.51812e-06
4728,1.50535e-06
4729,1.58090e-06
4730,1.55276e-06
4731,1.65730e-06
4732,1.65205e-06
4733,1.54729e-06
4734,1.54352e-06
4735,1.59500e-06
4736,1.54747e-06
4737,1.62537e-06
4738,1.58230e-06
4739,1.48236e-06
4740,1.57966e-06
4741,1.59633e-06
4742,1.60345e-06
4743,1.51269e-06
4744,1.61855e-06
4745,1.50948e-06
4746,1.71576e-06
4747,1.73276e-06
4748,1.62392e-06
4749,1.54848e-06
4750,1.54611e-06
4751,1.61345e-06
4752,1.60347e-06
4753,1.65181e-06
4754,1.70964e-06
4755,1.79033e-06
4756,1.59926e-06
4757,1.54917e-06
4758,1.60562e-06
4759,1.50264e-06
4760,1.63433e-06
4761,1.49880e-06
4762,1.49158e-06
4763,1.37349e-06
4764,1.61722e-06
4765,1.48802e-06
4766,1.57324e-06
4767,1.50478e-06
4768,1.59945e-06
4769,1.42748e-06
4770,1.47988e-06
4771,1.57906e-06
4772,1.53577e-06
4773,1.68022e-06
4774,1.66977e-06
4775,1.49348e-06
4776,1.47115e-06
4777,1.49940e-06
4778,1.55223e-06
4779,1.61977e-06
4780,1.55746e-06
4781,1.62416e-06
4782,1.75410e-06
4783,1.52742e-06
4784,1.44516e-06
4785,1.47953e-06
4786,1.64682e-06
4787,1.62107e-06
4788,1.32587e-06
4789,1.53438e-06
4790,1.60311e-06
4791,1.59676e-06
4792,1.76470e-06
4793,1.69714e-06
4794,1.60261e-06
4795,1.67687e-06
4796,1.53617e-06
4797,1.60987e-06
4798,1.47860e-06
4799,1.50538e-06
4800,1.65720e-06
4801,1.48061e-06
4802,1.44826e-06
4803,1.43844e-06
4804,1.56008e-06
4805,1.46155e-06
4806,1.47119e-06
4807,1.40785e-06
4808,1.52023e-06
4809,1.41716e-06
4810,1.33800e-06
4811,1.39615e-06
4812,1.46765e-06
4813,1.37776e-06
4814,1.47054e-06
4815,1.26873e-06
4816,1.40776e-06
4817,1.44251e-06
4818,1.38626e-06
4819,1.59444e-06
4820,1.57851e-06
4821,1.56145e-06
4822,1.49736e-06
4823,1.51694e-06
4824,1.61585e-06
4825,1.75763e-06
4826,1.50899e-06
4827,1.39775e-06
4828,1.36043e-06
4829,1.35752e-06
4830,1.50675e-06
4831,1.54439e-06
4832,1.59859e-06
4833,1.67758e-06
4834,1.64426e-06
4835,1.49078e-06
4836,1.51734e-06
4837,1.53260e-06
4838,1.54569e-06
4839,1.56063e-06
4840,1.56139e-06
4841,1.54566e-06
4842,1.45836e-06
4843,1.52014e-06
4844,1.42913e-06
4845,1.43615e-06
4846,1.56666e-06
4847,1.54939e-06
4848,1.62849e-06
4849,1.39488e-06
4850,1.45759e-06
4851,1.44837e-06
4852,1.59482e-06
4853,1.70539e-06
4854,1.37893e-06
4855,1.55773e-06
4856,1.56602e-06
4857,1.52089e-06
4858,1.63945e-06
4859,1.56475e-06
4860,1.55424e-06
4861,1.52505e-06
4862,1.56122e-06
4863,1.55195e-06
4864,1.57994e-06
4865,1.53807e-06
4866,1.56657e-06
4867,1.49857e-06
4868,1.33563e-06
4869,1.48303e-06
4870,1.42052e-06
4871,1.43328e-06
4872,1.47013e-06
4873,1.53303e-06
4874,1.67995e-06
4875,1.67319e-06
4876,1.54294e-06
4877,1.67515e-06
4878,1.54333e-06
4879,1.61954e-06
4880,1.60797e-06
4881,1.50172e-06
4882,1.62224e-06
4883,1.54580e-06
4884,1.46952e-06
4885,1.74633e-06
4886,1.52549e-06
4887,1.57807e-06
4888,1.56427e-06
4889,1.50786e-06
4890,1.48134e-06
4891,1.42901e-06
4892,1.41698e-06
4893,1.62172e-06
4894,1.61881e-06
4895,1.56096e-06
4896,1.62196e-06
4897,1.52320e-06
4898,1.58263e-06
4899,1.54785e-06
4900,1.53322e-06
4901,1.45475e-06
4902,1.70574e-06
4903,1.68597e-06
4904,1.65873e-06
4905,1.78852e-06
4906,1.62425e-06
4907,1.73849e-06
4908,1.57279e-06
4909,1.72657e-06
4910,1.65882e-06
4911,1.61793e-06
4912,1.66284e-06
4913,1.65566e-06
4914,1.58410e-06
4915,1.64773e-06
4916,1.69670e-06
4917,1.74361e-06
4918,1.60432e-06
4919,1.46196e-06
4920,1.50501e-06
4921,1.64660e-06
4922,1.64767e-06
4923,1.56995e-06
4924,1.48373e-06
4925,1.55275e-06
4926,1.70110e-06
4927,1.45974e-06
4928,1.45774e-06
4929,1.68000e-06
4930,1.38169e-06
4931,1.49747e-06
4932,1.46619e-06
4933,1.51484e-06
4934,1.45253e-06
4935,1.50277e-06
4936,1.56544e-06
4937,1.49106e-06
4938,1.56954e-06
4939,1.43612e-06
4940,1.43215e-06
4941,1.45171e-06
4942,1.46066e-06
4943,1.38987e-06
4944,1.44958e-06
4945,1.37356e-06
4946,1.41000e-06
4947,1.40520e-06
4948,1.46343e-06
4949,1.49181e-06
4950,1.47053e-06
4951,1.46132e-06
4952,1.39651e-06
4953,1.30599e-06
4954,1.38330e-06
4955,1.50925e-06
4956,1.26423e-06
4957,1.38064e-06
4958,1.28388e-06
4959,1.30493e-06
4960,1.36433e-06
4961,1.31724e-06
4962,1.58462e-06
4963,1.52099e-06
4964,1.40390e-06
4965,1.42972e-06
4966,1.50039e-06
4967,1.42467e-06
4968,1.27303e-06
4969,1.38835e-06
4970,1.51644e-06
4971,1.49937e-06
4972,1.46350e-06
4973,1.29331e-06
4974,1.39678e-06
4975,1.44927e-06
4976,1.42524e-06
4977,1.47346e-06
4978,1.53739e-06
4979,1.58574e-06
4980,1.44713e-06
4981,1.42802e-06
4982,1.41824e-06
4983,1.42643e-06
4984,1.40787e-06
4985,1.51626e-06
4986,1.62742e-06
4987,1.50819e-06
4988,1.63116e-06
4989,1.51227e-06
4990,1.55734e-06
4991,1.55806e-06
4992,1.61170e-06
4993,1.52305e-06
4994,1.57376e-06
4995,1.57546e-06
4996,1.64439e-06
4997,1.60910e-06
4998,1.52909e-06
4999,1.65270e-06
5000,1.60351e-06
