1,2.51470e-06
2,2.20427e-06
3,2.25492e-06
4,2.44925e-06
5,2.31043e-06
6,2.31284e-06
7,2.25261e-06
8,2.22484e-06
9,2.19485e-06
10,2.29132e-06
11,2.39431e-06
12,2.19513e-06
13,2.37381e-06
14,2.34640e-06
15,2.26243e-06
16,2.19781e-06
17,2.15784e-06
18,2.16736e-06
19,2.20522e-06
20,2.27145e-06
21,2.28760e-06
22,2.18606e-06
23,2.34715e-06
24,2.22695e-06
25,2.21150e-06
26,2.35261e-06
27,2.28800e-06
28,2.39478e-06
29,2.35909e-06
30,2.33379e-06
31,2.50015e-06
32,2.32244e-06
33,2.28062e-06
34,2.18060e-06
35,2.33418e-06
36,2.44091e-06
37,2.27187e-06
38,2.21157e-06
39,2.26462e-06
40,2.19369e-06
41,2.17530e-06
42,2.22424e-06
43,2.21944e-06
44,2.20744e-06
45,2.25699e-06
46,2.26780e-06
47,2.33444e-06
48,2.36593e-06
49,2.38347e-06
50,2.24753e-06
51,2.38367e-06
52,2.24919e-06
53,2.25957e-06
54,2.34669e-06
55,2.44393e-06
56,2.26687e-06
57,2.32972e-06
58,2.28768e-06
59,2.26372e-06
60,2.26467e-06
61,2.29571e-06
62,2.53327e-06
63,2.47215e-06
64,2.20219e-06
65,2.29936e-06
66,2.42034e-06
67,2.40163e-06
68,2.31190e-06
69,2.41879e-06
70,2.27195e-06
71,2.38560e-06
72,2.33387e-06
73,2.45141e-06
74,2.31303e-06
75,2.37991e-06
76,2.28629e-06
77,2.26770e-06
78,2.30055e-06
79,2.41068e-06
80,2.30910e-06
81,2.35905e-06
82,2.19673e-06
83,2.42104e-06
84,2.26861e-06
85,2.22899e-06
86,2.36982e-06
87,2.43542e-06
88,2.40754e-06
89,2.42226e-06
90,2.31632e-06
91,2.40622e-06
92,2.48409e-06
93,2.34231e-06
94,2.39433e-06
95,2.34882e-06
96,2.29416e-06
97,2.36934e-06
98,2.27771e-06
99,2.34618e-06
100,2.31780e-06
101,2.38653e-06
102,2.33452e-06
103,2.28968e-06
104,2.25955e-06
105,2.33024e-06
106,2.19642e-06
107,2.23403e-06
108,2.30733e-06
109,2.35863e-06
110,2.39894e-06
111,2.47801e-06
112,2.22816e-06
113,2.37049e-06
114,2.31818e-06
115,2.26822e-06
116,2.29647e-06
117,2.21953e-06
118,2.22143e-06
119,2.31888e-06
120,2.27007e-06
121,2.35257e-06
122,2.34750e-06
123,2.30708e-06
124,2.28098e-06
125,2.29649e-06
126,2.37664e-06
127,2.19511e-06
128,2.41121e-06
129,2.25367e-06
130,2.25971e-06
131,2.21990e-06
132,2.33055e-06
133,2.36390e-06
134,2.24129e-06
135,2.29582e-06
136,2.26164e-06
137,2.26639e-06
138,2.36870e-06
139,2.27048e-06
140,2.26575e-06
141,2.35907e-06
142,2.42159e-06
143,2.31392e-06
144,2.38156e-06
145,2.28881e-06
146,2.23924e-06
147,2.18071e-06
148,2.31044e-06
149,2.29864e-06
150,2.12421e-06
151,2.44290e-06
152,2.35479e-06
153,2.22658e-06
154,2.28645e-06
155,2.30380e-06
156,2.26432e-06
157,2.29231e-06
158,2.27758e-06
159,2.14089e-06
160,2.29241e-06
161,2.24297e-06
162,2.29478e-06
163,2.25510e-06
164,2.28432e-06
165,2.15858e-06
166,2.33721e-06
167,2.22475e-06
168,2.23858e-06
169,2.22905e-06
170,2.24500e-06
171,2.21929e-06
172,2.20350e-06
173,2.19053e-06
174,2.23505e-06
175,2.24041e-06
176,2.13492e-06
177,2.28297e-06
178,2.12958e-06
179,2.26240e-06
180,2.20540e-06
181,2.29718e-06
182,2.23999e-06
183,2.30591e-06
184,2.12140e-06
185,2.18614e-06
186,2.28204e-06
187,2.25064e-06
188,2.21059e-06
189,2.22646e-06
190,2.19766e-06
191,2.26703e-06
192,2.28015e-06
193,2.32378e-06
194,2.27798e-06
195,2.13172e-06
196,2.30203e-06
197,2.31996e-06
198,2.28580e-06
199,2.41083e-06
200,2.27874e-06
201,2.28181e-06
202,2.31963e-06
203,2.32238e-06
204,2.17245e-06
205,2.21757e-06
206,2.39043e-06
207,2.33085e-06
208,2.35766e-06
209,2.35417e-06
210,2.22126e-06
211,2.21556e-06
212,2.37826e-06
213,2.35558e-06
214,2.31118e-06
215,2.26307e-06
216,2.28798e-06
217,2.21717e-06
218,2.25956e-06
219,2.20817e-06
220,2.18603e-06
221,2.08308e-06
222,2.23093e-06
223,2.19459e-06
224,2.25494e-06
225,2.26062e-06
226,2.31689e-06
227,2.40098e-06
228,2.20422e-06
229,2.17560e-06
230,2.10078e-06
231,2.33204e-06
232,2.20427e-06
233,2.08343e-06
234,2.25578e-06
235,2.16454e-06
236,2.25617e-06
237,2.06435e-06
238,2.23426e-06
239,2.23083e-06
240,2.22270e-06
241,2.19497e-06
242,2.15167e-06
243,2.02363e-06
244,2.18656e-06
245,2.18309e-06
246,2.25710e-06
247,2.29475e-06
248,2.18901e-06
249,2.14075e-06
250,2.06543e-06
251,2.18446e-06
252,2.24891e-06
253,2.32083e-06
254,2.36820e-06
255,2.06892e-06
256,2.26789e-06
257,2.20933e-06
258,2.28891e-06
259,2.20458e-06
260,2.35113e-06
261,2.25067e-06
262,2.17028e-06
263,2.25525e-06
264,2.36378e-06
265,2.30054e-06
266,2.35277e-06
267,2.15861e-06
268,2.09784e-06
269,2.19022e-06
270,2.27383e-06
271,2.07523e-06
272,2.13294e-06
273,2.14206e-06
274,2.21342e-06
275,2.18021e-06
276,2.09954e-06
277,2.31155e-06
278,2.14615e-06
279,2.17656e-06
280,2.14319e-06
281,2.11612e-06
282,2.25186e-06
283,2.18051e-06
284,2.10457e-06
285,2.29077e-06
286,2.14376e-06
287,2.04894e-06
288,2.10535e-06
289,1.95224e-06
290,2.20687e-06
291,2.00085e-06
292,2.09597e-06
293,2.06056e-06
294,2.18935e-06
295,2.22734e-06
296,2.11006e-06
297,2.19793e-06
298,2.23185e-06
299,2.20112e-06
300,2.08000e-06
301,2.16313e-06
302,2.18498e-06
303,2.18980e-06
304,2.13755e-06
305,2.21600e-06
306,2.23850e-06
307,2.26410e-06
308,2.29021e-06
309,2.13463e-06
310,2.28049e-06
311,2.30573e-06
312,2.28497e-06
313,2.29769e-06
314,2.33726e-06
315,2.23964e-06
316,2.27223e-06
317,2.35217e-06
318,2.26120e-06
319,2.27544e-06
320,2.31139e-06
321,2.16266e-06
322,2.38158e-06
323,2.24306e-06
324,2.30770e-06
325,2.27980e-06
326,2.38193e-06
327,2.21011e-06
328,2.24444e-06
329,2.25965e-06
330,2.28789e-06
331,2.33952e-06
332,2.24898e-06
333,2.21835e-06
334,2.16848e-06
335,2.20024e-06
336,2.32402e-06
337,2.39511e-06
338,2.32552e-06
339,2.18464e-06
340,2.28710e-06
341,2.30308e-06
342,2.22806e-06
343,2.28635e-06
344,2.30337e-06
345,2.20259e-06
346,2.23084e-06
347,2.24220e-06
348,2.14781e-06
349,2.21974e-06
350,2.14535e-06
351,2.05681e-06
352,2.01402e-06
353,2.32965e-06
354,2.33882e-06
355,2.21497e-06
356,2.20537e-06
357,2.13876e-06
358,2.11915e-06
359,2.12536e-06
360,2.38411e-06
361,2.19968e-06
362,2.21959e-06
363,2.14207e-06
364,2.16009e-06
365,2.16543e-06
366,2.08900e-06
367,2.28901e-06
368,2.14456e-06
369,2.26780e-06
370,2.20383e-06
371,2.24889e-06
372,2.21734e-06
373,2.18373e-06
374,2.20184e-06
375,2.38071e-06
376,2.36996e-06
377,2.25632e-06
378,2.35800e-06
379,2.22216e-06
380,2.16115e-06
381,2.09763e-06
382,2.23292e-06
383,2.30311e-06
384,2.15188e-06
385,2.08831e-06
386,2.18869e-06
387,2.16884e-06
388,2.15298e-06
389,2.19565e-06
390,2.19757e-06
391,2.18909e-06
392,2.19499e-06
393,2.24784e-06
394,2.23550e-06
395,2.36250e-06
396,2.12236e-06
397,2.08485e-06
398,2.38084e-06
399,2.08339e-06
400,2.19839e-06
401,2.21590e-06
402,2.25443e-06
403,2.04668e-06
404,2.16206e-06
405,2.23856e-06
406,2.26752e-06
407,2.07769e-06
408,2.16408e-06
409,2.14228e-06
410,2.24994e-06
411,2.26540e-06
412,2.25840e-06
413,2.34383e-06
414,2.29114e-06
415,2.19804e-06
416,2.34829e-06
417,2.19452e-06
418,2.32756e-06
419,2.19011e-06
420,2.34927e-06
421,2.14892e-06
422,2.27048e-06
423,2.25334e-06
424,2.33444e-06
425,2.18293e-06
426,2.16031e-06
427,2.25417e-06
428,2.23689e-06
429,2.17426e-06
430,2.26853e-06
431,2.21771e-06
432,2.28523e-06
433,2.06505e-06
434,2.21935e-06
435,2.20330e-06
436,2.12191e-06
437,2.16210e-06
438,2.18115e-06
439,2.15920e-06
440,2.08594e-06
441,2.19304e-06
442,2.26264e-06
443,2.16321e-06
444,2.19992e-06
445,2.02352e-06
446,2.10281e-06
447,2.20471e-06
448,2.25425e-06
449,2.16883e-06
450,2.25499e-06
451,2.21078e-06
452,2.28069e-06
453,2.15072e-06
454,2.09391e-06
455,2.14717e-06
456,2.20699e-06
457,2.23999e-06
458,2.30238e-06
459,2.22797e-06
460,2.14233e-06
461,2.22165e-06
462,2.13670e-06
463,2.16088e-06
464,2.06986e-06
465,2.19068e-06
466,2.34674e-06
467,2.25270e-06
468,2.14141e-06
469,2.34495e-06
470,2.23273e-06
471,2.22729e-06
472,2.16106e-06
473,2.11262e-06
474,2.10749e-06
475,2.28198e-06
476,2.27268e-06
477,2.09441e-06
478,2.14034e-06
479,2.19632e-06
480,2.08674e-06
481,2.18780e-06
482,2.33662e-06
483,2.21316e-06
484,2.06901e-06
485,2.22685e-06
486,2.19307e-06
487,2.10560e-06
488,2.19351e-06
489,2.08725e-06
490,2.06847e-06
491,2.15711e-06
492,2.24927e-06
493,2.26040e-06
494,2.27290e-06
495,2.22485e-06
496,2.19952e-06
497,2.28359e-06
498,2.11820e-06
499,2.14490e-06
500,2.13509e-06
501,2.07506e-06
502,1.99789e-06
503,2.03396e-06
504,2.04819e-06
505,2.01776e-06
506,2.22188e-06
507,2.26389e-06
508,2.32916e-06
509,2.06678e-06
510,2.12210e-06
511,2.24002e-06
512,2.26443e-06
513,2.25727e-06
514,2.26178e-06
515,2.21839e-06
516,2.30385e-06
517,2.39264e-06
518,2.30583e-06
519,2.35354e-06
520,2.31488e-06
521,2.20822e-06
522,2.25806e-06
523,2.27619e-06
524,2.22089e-06
525,2.12094e-06
526,2.15488e-06
527,2.03178e-06
528,2.13391e-06
529,2.30958e-06
530,2.10116e-06
531,2.11440e-06
532,2.26906e-06
533,2.21865e-06
534,2.38427e-06
535,2.23966e-06
536,2.31033e-06
537,2.24129e-06
538,2.28268e-06
539,2.26663e-06
540,2.30083e-06
541,2.28963e-06
542,2.35030e-06
543,2.07716e-06
544,2.16407e-06
545,2.12526e-06
546,2.20176e-06
547,2.25054e-06
548,2.22812e-06
549,2.20037e-06
550,2.28726e-06
551,2.12570e-06
552,2.21685e-06
553,2.39465e-06
554,2.11954e-06
555,2.31222e-06
556,2.34103e-06
557,2.25287e-06
558,2.23116e-06
559,2.26726e-06
560,2.32066e-06
561,2.15537e-06
562,2.20625e-06
563,2.13772e-06
564,2.14215e-06
565,2.14840e-06
566,2.11615e-06
567,2.29018e-06
568,2.24708e-06
569,2.26542e-06
570,2.21286e-06
571,2.23074e-06
572,2.19935e-06
573,2.24550e-06
574,2.26128e-06
575,2.33025e-06
576,2.35197e-06
577,2.34087e-06
578,2.13909e-06
579,2.22428e-06
580,2.15321e-06
581,2.30428e-06
582,2.45413e-06
583,2.23211e-06
584,2.20945e-06
585,2.36809e-06
586,2.28578e-06
587,2.32203e-06
588,2.37925e-06
589,2.29542e-06
590,2.44497e-06
591,2.39920e-06
592,2.38494e-06
593,2.33729e-06
594,2.12379e-06
595,2.13935e-06
596,2.17675e-06
597,2.26745e-06
598,2.33369e-06
599,2.30985e-06
600,2.26095e-06
601,2.34746e-06
602,2.37158e-06
603,2.27526e-06
604,2.31452e-06
605,2.23438e-06
606,2.21394e-06
607,2.29439e-06
608,2.21311e-06
609,2.26341e-06
610,2.27773e-06
611,2.42769e-06
612,2.30530e-06
613,2.24012e-06
614,2.26006e-06
615,2.26346e-06
616,2.01422e-06
617,2.33880e-06
618,2.29577e-06
619,2.27691e-06
620,2.17759e-06
621,2.16353e-06
622,2.17051e-06
623,2.25663e-06
624,2.21891e-06
625,2.29691e-06
626,2.30637e-06
627,2.42565e-06
628,2.35281e-06
629,2.33881e-06
630,2.29679e-06
631,2.24845e-06
632,2.38690e-06
633,2.16845e-06
634,2.30920e-06
635,2.22944e-06
636,2.24246e-06
637,2.27072e-06
638,2.30358e-06
639,2.21209e-06
640,2.31164e-06
641,2.36054e-06
642,2.33568e-06
643,2.36897e-06
644,2.34040e-06
645,2.34457e-06
646,2.35727e-06
647,2.33813e-06
648,2.43330e-06
649,2.42692e-06
650,2.44164e-06
651,2.43944e-06
652,2.28935e-06
653,2.31918e-06
654,2.33038e-06
655,2.25865e-06
656,2.15334e-06
657,2.20010e-06
658,2.23449e-06
659,2.33694e-06
660,2.19037e-06
661,2.33416e-06
662,2.23330e-06
663,2.22746e-06
664,2.31557e-06
665,2.34477e-06
666,2.19864e-06
667,2.28997e-06
668,2.38018e-06
669,2.36797e-06
670,2.23296e-06
671,2.33520e-06
672,2.28837e-06
673,2.17575e-06
674,2.19074e-06
675,2.25442e-06
676,2.28222e-06
677,2.25475e-06
678,2.32416e-06
679,2.27912e-06
680,2.17923e-06
681,2.22254e-06
682,2.31230e-06
683,2.23587e-06
684,2.31190e-06
685,2.22114e-06
686,2.17737e-06
687,2.34487e-06
688,2.17588e-06
689,2.14442e-06
690,2.26711e-06
691,2.19511e-06
692,2.28413e-06
693,2.29630e-06
694,2.30239e-06
695,2.42623e-06
696,2.20034e-06
697,2.23876e-06
698,2.29231e-06
699,2.32493e-06
700,2.29089e-06
701,2.23191e-06
702,2.30374e-06
703,2.35058e-06
704,2.20486e-06
705,2.15617e-06
706,2.21263e-06
707,2.22207e-06
708,2.24395e-06
709,2.26688e-06
710,2.20122e-06
711,2.31869e-06
712,2.32387e-06
713,2.22525e-06
714,2.27352e-06
715,2.22985e-06
716,2.24165e-06
717,2.26789e-06
718,2.23144e-06
719,2.36943e-06
720,2.27016e-06
721,2.22757e-06
722,2.23660e-06
723,2.33517e-06
724,2.26413e-06
725,2.31042e-06
726,2.35614e-06
727,2.25806e-06
728,2.28001e-06
729,2.27169e-06
730,2.01434e-06
731,2.08902e-06
732,2.23798e-06
733,2.22717e-06
734,2.21029e-06
735,2.20112e-06
736,2.20094e-06
737,2.22211e-06
738,2.28551e-06
739,2.13860e-06
740,2.01146e-06
741,2.22640e-06
742,2.19723e-06
743,2.22208e-06
744,2.24260e-06
745,2.31888e-06
746,2.15473e-06
747,2.20229e-06
748,2.13126e-06
749,2.11663e-06
750,2.16792e-06
751,2.20119e-06
752,2.27415e-06
753,2.34739e-06
754,2.19304e-06
755,2.37171e-06
756,2.27067e-06
757,2.16358e-06
758,2.30855e-06
759,2.36367e-06
760,2.21970e-06
761,2.25788e-06
762,2.34667e-06
763,2.38403e-06
764,2.28889e-06
765,2.40768e-06
766,2.27388e-06
767,2.26029e-06
768,2.15364e-06
769,2.14347e-06
770,2.14148e-06
771,2.14821e-06
772,2.18617e-06
773,2.28839e-06
774,2.23241e-06
775,2.41927e-06
776,2.18654e-06
777,2.27454e-06
778,2.35821e-06
779,2.27542e-06
780,2.27201e-06
781,2.21009e-06
782,2.20094e-06
783,2.18711e-06
784,2.31907e-06
785,2.14575e-06
786,2.34944e-06
787,2.27298e-06
788,2.38981e-06
789,2.19871e-06
790,2.38604e-06
791,2.40731e-06
792,2.24772e-06
793,2.32252e-06
794,2.27312e-06
795,2.40631e-06
796,2.32950e-06
797,2.30872e-06
798,2.24967e-06
799,2.29785e-06
800,2.27689e-06
801,2.34588e-06
802,2.30484e-06
803,2.32342e-06
804,2.21035e-06
805,2.16695e-06
806,2.23177e-06
807,2.25735e-06
808,2.34216e-06
809,2.24426e-06
810,2.23583e-06
811,2.31529e-06
812,2.31250e-06
813,2.15690e-06
814,2.30036e-06
815,2.27995e-06
816,2.23223e-06
817,2.23414e-06
818,2.29728e-06
819,2.28318e-06
820,2.17359e-06
821,2.15296e-06
822,2.23672e-06
823,2.32467e-06
824,2.23341e-06
825,2.20017e-06
826,2.29863e-06
827,2.21247e-06
828,2.22592e-06
829,2.31408e-06
830,2.34440e-06
831,2.47560e-06
832,2.42697e-06
833,2.44503e-06
834,2.48026e-06
835,2.36572e-06
836,2.37181e-06
837,2.31735e-06
838,2.38246e-06
839,2.41139e-06
840,2.34672e-06
841,2.28587e-06
842,2.40993e-06
843,2.28503e-06
844,2.32844e-06
845,2.31837e-06
846,2.40317e-06
847,2.40845e-06
848,2.34845e-06
849,2.50004e-06
850,2.36137e-06
851,2.35203e-06
852,2.19550e-06
853,2.26962e-06
854,2.29876e-06
855,2.48532e-06
856,2.40534e-06
857,2.37429e-06
858,2.31816e-06
859,2.34737e-06
860,2.35631e-06
861,2.43254e-06
862,2.41202e-06
863,2.50482e-06
864,2.48363e-06
865,2.28045e-06
866,2.47454e-06
867,2.43116e-06
868,2.36915e-06
869,2.52011e-06
870,2.40650e-06
871,2.51278e-06
872,2.36475e-06
873,2.30521e-06
874,2.31840e-06
875,2.43987e-06
876,2.32327e-06
877,2.53036e-06
878,2.30465e-06
879,2.39330e-06
880,2.40599e-06
881,2.43768e-06
882,2.29776e-06
883,2.46247e-06
884,2.43302e-06
885,2.30893e-06
886,2.24427e-06
887,2.40862e-06
888,2.45606e-06
889,2.37528e-06
890,2.30389e-06
891,2.32645e-06
892,2.34742e-06
893,2.45091e-06
894,2.28717e-06
895,2.22607e-06
896,2.35487e-06
897,2.44432e-06
898,2.28458e-06
899,2.48134e-06
900,2.49060e-06
901,2.57038e-06
902,2.46792e-06
903,2.45490e-06
904,2.54210e-06
905,2.35057e-06
906,2.51783e-06
907,2.41626e-06
908,2.28939e-06
909,2.36880e-06
910,2.36769e-06
911,2.43971e-06
912,2.33247e-06
913,2.32500e-06
914,2.30573e-06
915,2.27009e-06
916,2.35475e-06
917,2.41780e-06
918,2.36069e-06
919,2.37430e-06
920,2.40320e-06
921,2.17139e-06
922,2.46471e-06
923,2.39366e-06
924,2.35648e-06
925,2.34777e-06
926,2.33332e-06
927,2.28749e-06
928,2.39989e-06
929,2.24937e-06
930,2.33070e-06
931,2.38885e-06
932,2.35185e-06
933,2.37728e-06
934,2.33381e-06
935,2.39170e-06
936,2.36737e-06
937,2.27121e-06
938,2.34518e-06
939,2.38243e-06
940,2.38824e-06
941,2.29814e-06
942,2.22636e-06
943,2.28193e-06
944,2.45361e-06
945,2.41247e-06
946,2.33286e-06
947,2.47576e-06
948,2.41168e-06
949,2.43456e-06
950,2.51508e-06
951,2.49535e-06
952,2.40744e-06
953,2.37679e-06
954,2.49321e-06
955,2.49960e-06
956,2.42237e-06
957,2.42020e-06
958,2.34549e-06
959,2.34046e-06
960,2.22124e-06
961,2.33580e-06
962,2.31550e-06
963,2.37044e-06
964,2.36129e-06
965,2.26256e-06
966,2.33295e-06
967,2.31207e-06
968,2.28116e-06
969,2.37509e-06
970,2.40583e-06
971,2.33562e-06
972,2.25349e-06
973,2.34575e-06
974,2.25574e-06
975,2.35494e-06
976,2.20996e-06
977,2.41540e-06
978,2.50247e-06
979,2.44728e-06
980,2.43625e-06
981,2.41571e-06
982,2.43476e-06
983,2.52265e-06
984,2.46911e-06
985,2.50646e-06
986,2.22814e-06
987,2.41297e-06
988,2.25432e-06
989,2.33764e-06
990,2.26782e-06
991,2.33833e-06
992,2.57100e-06
993,2.44300e-06
994,2.44043e-06
995,2.36444e-06
996,2.45684e-06
997,2.50110e-06
998,2.30430e-06
999,2.55353e-06
1000,2.42288e-06
1001,2.27021e-06
1002,2.37764e-06
1003,2.32879e-06
1004,2.30262e-06
1005,2.41324e-06
1006,2.36916e-06
1007,2.36612e-06
1008,2.37799e-06
1009,2.29445e-06
1010,2.36772e-06
1011,2.42895e-06
1012,2.23444e-06
1013,2.43815e-06
1014,2.30860e-06
1015,2.36749e-06
1016,2.48275e-06
1017,2.38117e-06
1018,2.50934e-06
1019,2.45649e-06
1020,2.50588e-06
1021,2.55558e-06
1022,2.39948e-06
1023,2.43239e-06
1024,2.35889e-06
1025,2.47893e-06
1026,2.39343e-06
1027,2.43282e-06
1028,2.31174e-06
1029,2.42289e-06
1030,2.10025e-06
1031,2.31228e-06
1032,2.36428e-06
1033,2.26760e-06
1034,2.35715e-06
1035,2.31461e-06
1036,2.33666e-06
1037,2.31649e-06
1038,2.35956e-06
1039,2.28717e-06
1040,2.35088e-06
1041,2.32843e-06
1042,2.44999e-06
1043,2.27586e-06
1044,2.21333e-06
1045,2.31399e-06
1046,2.47858e-06
1047,2.33061e-06
1048,2.31412e-06
1049,2.57306e-06
1050,2.46890e-06
1051,2.30165e-06
1052,2.34236e-06
1053,2.36106e-06
1054,2.24156e-06
1055,2.26356e-06
1056,2.24897e-06
1057,2.31344e-06
1058,2.49764e-06
1059,2.38682e-06
1060,2.19698e-06
1061,2.38783e-06
1062,2.31348e-06
1063,2.08334e-06
1064,2.21746e-06
1065,2.31046e-06
1066,2.28327e-06
1067,2.27134e-06
1068,2.39868e-06
1069,2.36375e-06
1070,2.49165e-06
1071,2.45643e-06
1072,2.29659e-06
1073,2.24124e-06
1074,2.38650e-06
1075,2.25218e-06
1076,2.44448e-06
1077,2.47702e-06
1078,2.38194e-06
1079,2.30709e-06
1080,2.30635e-06
1081,2.31357e-06
1082,2.26333e-06
1083,2.39182e-06
1084,2.51408e-06
1085,2.31347e-06
1086,2.33564e-06
1087,2.47607e-06
1088,2.40968e-06
1089,2.24138e-06
1090,2.34275e-06
1091,2.42579e-06
1092,2.28151e-06
1093,2.38201e-06
1094,2.35578e-06
1095,2.26324e-06
1096,2.39094e-06
1097,2.42706e-06
1098,2.19390e-06
1099,2.22980e-06
1100,2.37886e-06
1101,2.43073e-06
1102,2.31483e-06
1103,2.25324e-06
1104,2.37731e-06
1105,2.26495e-06
1106,2.39315e-06
1107,2.27970e-06
1108,2.43100e-06
1109,2.45041e-06
1110,2.31618e-06
1111,2.43806e-06
1112,2.33782e-06
1113,2.25687e-06
1114,2.38091e-06
1115,2.27534e-06
1116,2.26047e-06
1117,2.25227e-06
1118,2.25636e-06
1119,2.20874e-06
1120,2.28355e-06
1121,2.26487e-06
1122,2.30533e-06
1123,2.34923e-06
1124,2.15749e-06
1125,2.41649e-06
1126,2.31746e-06
1127,2.22427e-06
1128,2.35655e-06
1129,2.38701e-06
1130,2.28886e-06
1131,2.51882e-06
1132,2.36409e-06
1133,2.42673e-06
1134,2.31900e-06
1135,2.41491e-06
1136,2.54519e-06
1137,2.61628e-06
1138,2.45586e-06
1139,2.51779e-06
1140,2.38841e-06
1141,2.36180e-06
1142,2.41273e-06
1143,2.52342e-06
1144,2.38435e-06
1145,2.56631e-06
1146,2.45818e-06
1147,2.41321e-06
1148,2.46338e-06
1149,2.52583e-06
1150,2.46826e-06
1151,2.44126e-06
1152,2.42198e-06
1153,2.55982e-06
1154,2.47419e-06
1155,2.40132e-06
1156,2.44840e-06
1157,2.37202e-06
1158,2.38165e-06
1159,2.27142e-06
1160,2.38139e-06
1161,2.29524e-06
1162,2.31149e-06
1163,2.39074e-06
1164,2.24254e-06
1165,2.42767e-06
1166,2.31378e-06
1167,2.37671e-06
1168,2.44813e-06
1169,2.31411e-06
1170,2.28788e-06
1171,2.21990e-06
1172,2.12916e-06
1173,2.32827e-06
1174,2.27700e-06
1175,2.34859e-06
1176,2.27026e-06
1177,2.31018e-06
1178,2.29870e-06
1179,2.27877e-06
1180,2.29467e-06
1181,2.38286e-06
1182,2.33428e-06
1183,2.42453e-06
1184,2.29860e-06
1185,2.43555e-06
1186,2.35096e-06
1187,2.42013e-06
1188,2.19719e-06
1189,2.16020e-06
1190,2.44970e-06
1191,2.37659e-06
1192,2.39492e-06
1193,2.40229e-06
1194,2.48859e-06
1195,2.39670e-06
1196,2.39320e-06
1197,2.39455e-06
1198,2.44300e-06
1199,2.50089e-06
1200,2.24083e-06
1201,2.36196e-06
1202,2.41511e-06
1203,2.35530e-06
1204,2.32052e-06
1205,2.26179e-06
1206,2.40363e-06
1207,2.36625e-06
1208,2.25083e-06
1209,2.28360e-06
1210,2.34379e-06
1211,2.37557e-06
1212,2.34000e-06
1213,2.25232e-06
1214,2.31385e-06
1215,2.27166e-06
1216,2.23890e-06
1217,2.31899e-06
1218,2.15314e-06
1219,2.31108e-06
1220,2.40649e-06
1221,2.34209e-06
1222,2.16186e-06
1223,2.27468e-06
1224,2.22447e-06
1225,2.37722e-06
1226,2.13112e-06
1227,2.23384e-06
1228,2.31811e-06
1229,2.33109e-06
1230,2.24394e-06
1231,2.27122e-06
1232,2.32795e-06
1233,2.31200e-06
1234,2.26088e-06
1235,2.33030e-06
1236,2.26194e-06
1237,2.27593e-06
1238,2.32953e-06
1239,2.23062e-06
1240,2.37982e-06
1241,2.34071e-06
1242,2.36505e-06
1243,2.30409e-06
1244,2.28418e-06
1245,2.32608e-06
1246,2.28937e-06
1247,2.21974e-06
1248,2.22779e-06
1249,2.20766e-06
1250,2.36281e-06
1251,2.20467e-06
1252,2.37710e-06
1253,2.29022e-06
1254,2.31497e-06
1255,2.31634e-06
1256,2.17474e-06
1257,2.28327e-06
1258,2.38513e-06
1259,2.18454e-06
1260,2.22287e-06
1261,2.18032e-06
1262,2.19917e-06
1263,2.35191e-06
1264,2.50358e-06
1265,2.25189e-06
1266,2.32661e-06
1267,2.41822e-06
1268,2.40278e-06
1269,2.45417e-06
1270,2.32646e-06
1271,2.17723e-06
1272,2.26899e-06
1273,2.23116e-06
1274,2.34607e-06
1275,2.26254e-06
1276,2.28788e-06
1277,2.33209e-06
1278,2.25240e-06
1279,2.16833e-06
1280,2.14100e-06
1281,2.17866e-06
1282,2.25155e-06
1283,2.18881e-06
1284,2.33373e-06
1285,2.42108e-06
1286,2.38421e-06
1287,2.36846e-06
1288,2.32196e-06
1289,2.32925e-06
1290,2.30203e-06
1291,2.21252e-06
1292,2.26649e-06
1293,2.28279e-06
1294,2.27298e-06
1295,2.42180e-06
1296,2.38343e-06
1297,2.15116e-06
1298,2.28290e-06
1299,2.25257e-06
1300,2.22570e-06
1301,2.24718e-06
1302,2.32517e-06
1303,2.42608e-06
1304,2.34818e-06
1305,2.39422e-06
1306,2.36169e-06
1307,2.20918e-06
1308,2.13357e-06
1309,2.14178e-06
1310,2.26277e-06
1311,2.19359e-06
1312,2.21747e-06
1313,2.22288e-06
1314,2.39654e-06
1315,2.21777e-06
1316,2.33225e-06
1317,2.24040e-06
1318,2.28834e-06
1319,2.35142e-06
1320,2.35198e-06
1321,2.32633e-06
1322,2.30409e-06
1323,2.40366e-06
1324,2.40609e-06
1325,2.34770e-06
1326,2.30684e-06
1327,2.35552e-06
1328,2.45617e-06
1329,2.29382e-06
1330,2.40891e-06
1331,2.40919e-06
1332,2.45853e-06
1333,2.32622e-06
1334,2.48862e-06
1335,2.38570e-06
1336,2.34855e-06
1337,2.37156e-06
1338,2.38370e-06
1339,2.29032e-06
1340,2.32497e-06
1341,2.24886e-06
1342,2.38631e-06
1343,2.35814e-06
1344,2.27847e-06
1345,2.39914e-06
1346,2.41601e-06
1347,2.23114e-06
1348,2.32570e-06
1349,2.29377e-06
1350,2.06804e-06
1351,2.15567e-06
1352,2.23656e-06
1353,2.22318e-06
1354,2.28366e-06
1355,2.09659e-06
1356,2.11757e-06
1357,2.13739e-06
1358,2.21373e-06
1359,2.24796e-06
1360,2.19875e-06
1361,2.08350e-06
1362,2.15819e-06
1363,2.20730e-06
1364,2.16268e-06
1365,2.20837e-06
1366,2.17378e-06
1367,2.26447e-06
1368,2.32486e-06
1369,2.25399e-06
1370,2.29640e-06
1371,2.38609e-06
1372,2.21002e-06
1373,2.21970e-06
1374,2.27463e-06
1375,2.27986e-06
1376,2.25967e-06
1377,2.18406e-06
1378,2.22862e-06
1379,2.26119e-06
1380,2.32620e-06
1381,2.33096e-06
1382,2.28207e-06
1383,2.26943e-06
1384,2.26872e-06
1385,2.31990e-06
1386,2.38560e-06
1387,2.51858e-06
1388,2.43835e-06
1389,2.42246e-06
1390,2.16172e-06
1391,2.33993e-06
1392,2.17608e-06
1393,2.35982e-06
1394,2.32803e-06
1395,2.33113e-06
1396,2.46529e-06
1397,2.41783e-06
1398,2.25091e-06
1399,2.27217e-06
1400,2.31875e-06
1401,2.22731e-06
1402,2.34089e-06
1403,2.42110e-06
1404,2.41430e-06
1405,2.52184e-06
1406,2.35180e-06
1407,2.38954e-06
1408,2.36003e-06
1409,2.34701e-06
1410,2.37086e-06
1411,2.27572e-06
1412,2.34041e-06
1413,2.35200e-06
1414,2.26173e-06
1415,2.43216e-06
1416,2.22548e-06
1417,2.22380e-06
1418,2.27628e-06
1419,2.26807e-06
1420,2.19400e-06
1421,2.20382e-06
1422,2.33203e-06
1423,2.06271e-06
1424,2.23763e-06
1425,2.24717e-06
1426,2.08077e-06
1427,2.13507e-06
1428,2.17438e-06
1429,2.30976e-06
1430,2.14271e-06
1431,2.26790e-06
1432,2.37592e-06
1433,2.19770e-06
1434,2.22056e-06
1435,2.22371e-06
1436,2.25407e-06
1437,2.29167e-06
1438,2.21353e-06
1439,2.18277e-06
1440,2.32796e-06
1441,2.14967e-06
1442,2.12128e-06
1443,2.15953e-06
1444,2.21402e-06
1445,2.17818e-06
1446,2.18278e-06
1447,2.07696e-06
1448,2.06204e-06
1449,2.20146e-06
1450,2.25802e-06
1451,2.33659e-06
1452,2.31510e-06
1453,2.16345e-06
1454,2.20057e-06
1455,2.15945e-06
1456,2.22896e-06
1457,2.16388e-06
1458,2.15973e-06
1459,2.22828e-06
1460,2.18149e-06
1461,2.18409e-06
1462,2.12968e-06
1463,2.15936e-06
1464,2.19882e-06
1465,2.27213e-06
1466,2.25834e-06
1467,2.32880e-06
1468,2.38680e-06
1469,2.30524e-06
1470,2.25882e-06
1471,2.17131e-06
1472,2.11298e-06
1473,2.07865e-06
1474,2.06842e-06
1475,2.14101e-06
1476,2.19634e-06
1477,2.23862e-06
1478,2.17022e-06
1479,2.26596e-06
1480,2.22643e-06
1481,2.20996e-06
1482,2.12166e-06
1483,2.10356e-06
1484,2.08993e-06
1485,2.03353e-06
1486,2.13269e-06
1487,2.21981e-06
1488,2.24059e-06
1489,2.07335e-06
1490,2.23434e-06
1491,2.18140e-06
1492,2.25409e-06
1493,2.23042e-06
1494,2.20664e-06
1495,2.04250e-06
1496,2.20452e-06
1497,2.23362e-06
1498,2.23774e-06
1499,2.19934e-06
1500,2.23541e-06
1501,2.07685e-06
1502,2.15518e-06
1503,2.11798e-06
1504,2.15253e-06
1505,2.11129e-06
1506,2.14132e-06
1507,2.15389e-06
1508,2.29448e-06
1509,2.21698e-06
1510,2.28031e-06
1511,2.27319e-06
1512,2.20967e-06
1513,2.00477e-06
1514,2.20525e-06
1515,2.26537e-06
1516,2.32600e-06
1517,2.32251e-06
1518,2.36288e-06
1519,2.35775e-06
1520,2.29659e-06
1521,2.37468e-06
1522,2.26999e-06
1523,2.35716e-06
1524,2.36628e-06
1525,2.37906e-06
1526,2.42498e-06
1527,2.26323e-06
1528,2.19907e-06
1529,2.21322e-06
1530,2.30162e-06
1531,2.21342e-06
1532,2.26974e-06
1533,2.20700e-06
1534,2.29041e-06
1535,2.35333e-06
1536,2.26113e-06
1537,2.18853e-06
1538,2.29973e-06
1539,2.34103e-06
1540,2.24082e-06
1541,2.14102e-06
1542,2.34662e-06
1543,2.27217e-06
1544,2.37817e-06
1545,2.18817e-06
1546,2.21736e-06
1547,2.19695e-06
1548,2.28093e-06
1549,2.32707e-06
1550,2.31498e-06
1551,2.29558e-06
1552,2.37254e-06
1553,2.23472e-06
1554,2.23913e-06
1555,2.21044e-06
1556,2.19654e-06
1557,2.18893e-06
1558,2.12847e-06
1559,2.15218e-06
1560,2.25001e-06
1561,2.25280e-06
1562,2.29991e-06
1563,2.15863e-06
1564,2.22181e-06
1565,2.19962e-06
1566,2.12511e-06
1567,2.20857e-06
1568,2.22587e-06
1569,2.24279e-06
1570,2.37376e-06
1571,2.18714e-06
1572,2.33356e-06
1573,2.32401e-06
1574,2.21349e-06
1575,2.21049e-06
1576,2.31338e-06
1577,2.28470e-06
1578,2.16729e-06
1579,2.21473e-06
1580,2.22054e-06
1581,2.39630e-06
1582,2.24109e-06
1583,2.21982e-06
1584,2.06423e-06
1585,2.19758e-06
1586,2.23236e-06
1587,2.21178e-06
1588,2.31211e-06
1589,2.19135e-06
1590,2.27788e-06
1591,2.36055e-06
1592,2.39465e-06
1593,2.11772e-06
1594,2.24191e-06
1595,2.28737e-06
1596,2.24461e-06
1597,2.28259e-06
1598,2.22593e-06
1599,2.27168e-06
1600,2.33777e-06
1601,2.24284e-06
1602,2.23359e-06
1603,2.39003e-06
1604,2.29004e-06
1605,2.24305e-06
1606,2.27971e-06
1607,2.17610e-06
1608,2.16543e-06
1609,2.30776e-06
1610,2.27457e-06
1611,2.29596e-06
1612,2.23476e-06
1613,2.25012e-06
1614,2.25527e-06
1615,2.21864e-06
1616,2.34919e-06
1617,2.10676e-06
1618,2.20492e-06
1619,2.36631e-06
1620,2.26193e-06
1621,2.35655e-06
1622,2.31501e-06
1623,2.33965e-06
1624,2.18507e-06
1625,2.18464e-06
1626,2.26185e-06
1627,2.12853e-06
1628,2.17722e-06
1629,2.16154e-06
1630,2.23641e-06
1631,2.22327e-06
1632,2.31714e-06
1633,2.18369e-06
1634,2.06868e-06
1635,2.23775e-06
1636,2.27206e-06
1637,2.26817e-06
1638,2.22953e-06
1639,2.24305e-06
1640,2.09438e-06
1641,2.24165e-06
1642,2.24607e-06
1643,2.23734e-06
1644,2.20308e-06
1645,2.23995e-06
1646,2.21396e-06
1647,2.27073e-06
1648,2.24647e-06
1649,2.27230e-06
1650,2.25615e-06
1651,2.25064e-06
1652,2.31640e-06
1653,2.26421e-06
1654,2.24842e-06
1655,2.36322e-06
1656,2.37605e-06
1657,2.14922e-06
1658,2.22015e-06
1659,2.16461e-06
1660,2.25692e-06
1661,2.37473e-06
1662,2.25860e-06
1663,2.28347e-06
1664,2.27654e-06
1665,2.38542e-06
1666,2.42718e-06
1667,2.26801e-06
1668,2.19555e-06
1669,2.12500e-06
1670,2.24391e-06
1671,2.20174e-06
1672,2.40028e-06
1673,2.17079e-06
1674,2.18528e-06
1675,2.17305e-06
1676,2.25245e-06
1677,2.17718e-06
1678,2.37168e-06
1679,2.18471e-06
1680,2.38724e-06
1681,2.27208e-06
1682,2.18099e-06
1683,2.29175e-06
1684,2.21398e-06
1685,2.20060e-06
1686,2.22349e-06
1687,2.23245e-06
1688,2.12174e-06
1689,2.16948e-06
1690,2.20775e-06
1691,2.26084e-06
1692,2.10739e-06
1693,1.98413e-06
1694,2.25129e-06
1695,2.13135e-06
1696,2.13385e-06
1697,2.19355e-06
1698,2.09142e-06
1699,2.27383e-06
1700,2.11740e-06
1701,2.23231e-06
1702,2.23387e-06
1703,2.21568e-06
1704,2.17471e-06
1705,2.18361e-06
1706,2.25147e-06
1707,2.39218e-06
1708,2.24107e-06
1709,2.25975e-06
1710,2.32784e-06
1711,2.30388e-06
1712,2.27082e-06
1713,2.30259e-06
1714,2.27491e-06
1715,2.16165e-06
1716,2.25121e-06
1717,2.16745e-06
1718,2.25987e-06
1719,2.18299e-06
1720,2.17086e-06
1721,2.25191e-06
1722,2.35116e-06
1723,2.30771e-06
1724,2.25896e-06
1725,2.53660e-06
1726,2.44240e-06
1727,2.36379e-06
1728,2.24171e-06
1729,2.33669e-06
1730,2.30804e-06
1731,2.35148e-06
1732,2.22511e-06
1733,2.26056e-06
1734,2.36656e-06
1735,2.29455e-06
1736,2.17776e-06
1737,2.42729e-06
1738,2.33248e-06
1739,2.42202e-06
1740,2.28472e-06
1741,2.34741e-06
1742,2.27492e-06
1743,2.23678e-06
1744,2.39984e-06
1745,2.34110e-06
1746,2.38378e-06
1747,2.27467e-06
1748,2.31360e-06
1749,2.28776e-06
1750,2.38864e-06
1751,2.37368e-06
1752,2.37694e-06
1753,2.31216e-06
1754,2.23455e-06
1755,2.40955e-06
1756,2.25297e-06
1757,2.31405e-06
1758,2.21753e-06
1759,2.25978e-06
1760,2.33344e-06
1761,2.42915e-06
1762,2.22870e-06
1763,2.31996e-06
1764,2.32740e-06
1765,2.25973e-06
1766,2.18963e-06
1767,2.32937e-06
1768,2.36027e-06
1769,2.25027e-06
1770,2.26412e-06
1771,2.26749e-06
1772,2.26854e-06
1773,2.19500e-06
1774,2.28719e-06
1775,2.35084e-06
1776,2.34455e-06
1777,2.26988e-06
1778,2.11851e-06
1779,2.25912e-06
1780,2.23553e-06
1781,2.22438e-06
1782,2.32820e-06
1783,2.35438e-06
1784,2.32235e-06
1785,2.33001e-06
1786,2.31566e-06
1787,2.26762e-06
1788,2.32065e-06
1789,2.22872e-06
1790,2.14642e-06
1791,2.29571e-06
1792,2.31827e-06
1793,2.37110e-06
1794,2.48450e-06
1795,2.37478e-06
1796,2.34188e-06
1797,2.30296e-06
1798,2.25140e-06
1799,2.40115e-06
1800,2.17764e-06
1801,2.27290e-06
1802,2.26651e-06
1803,2.31704e-06
1804,2.36795e-06
1805,2.24478e-06
1806,2.21072e-06
1807,2.41535e-06
1808,2.25112e-06
1809,2.29488e-06
1810,2.26348e-06
1811,2.16834e-06
1812,2.26964e-06
1813,2.34985e-06
1814,2.41566e-06
1815,2.39173e-06
1816,2.11916e-06
1817,2.29748e-06
1818,2.31535e-06
1819,2.31063e-06
1820,2.26173e-06
1821,2.27502e-06
1822,2.09530e-06
1823,2.20245e-06
1824,2.31667e-06
1825,2.32856e-06
1826,2.36488e-06
1827,2.37461e-06
1828,2.34612e-06
1829,2.29732e-06
1830,2.28333e-06
1831,2.35697e-06
1832,2.47379e-06
1833,2.35850e-06
1834,2.53504e-06
1835,2.23553e-06
1836,2.31654e-06
1837,2.37508e-06
1838,2.48203e-06
1839,2.30261e-06
1840,2.31162e-06
1841,2.56847e-06
1842,2.36447e-06
1843,2.30389e-06
1844,2.44199e-06
1845,2.26982e-06
1846,2.25784e-06
1847,2.39609e-06
1848,2.45419e-06
1849,2.36831e-06
1850,2.23168e-06
1851,2.42157e-06
1852,2.34680e-06
1853,2.43303e-06
1854,2.29965e-06
1855,2.31305e-06
1856,2.40020e-06
1857,2.42902e-06
1858,2.41765e-06
1859,2.35280e-06
1860,2.37455e-06
1861,2.36213e-06
1862,2.36048e-06
1863,2.42307e-06
1864,2.40706e-06
1865,2.40471e-06
1866,2.34091e-06
1867,2.19648e-06
1868,2.31915e-06
1869,2.47602e-06
1870,2.33847e-06
1871,2.35564e-06
1872,2.31929e-06
1873,2.39439e-06
1874,2.42107e-06
1875,2.32238e-06
1876,2.41635e-06
1877,2.32598e-06
1878,2.36596e-06
1879,2.41871e-06
1880,2.36550e-06
1881,2.35825e-06
1882,2.38877e-06
1883,2.32402e-06
1884,2.44708e-06
1885,2.23662e-06
1886,2.42335e-06
1887,2.33803e-06
1888,2.37053e-06
1889,2.38922e-06
1890,2.39231e-06
1891,2.44863e-06
1892,2.28838e-06
1893,2.44023e-06
1894,2.34984e-06
1895,2.51708e-06
1896,2.47900e-06
1897,2.40409e-06
1898,2.43397e-06
1899,2.33901e-06
1900,2.28109e-06
1901,2.40645e-06
1902,2.38641e-06
1903,2.17988e-06
1904,2.47878e-06
1905,2.29080e-06
1906,2.44446e-06
1907,2.37153e-06
1908,2.34098e-06
1909,2.31983e-06
1910,2.28136e-06
1911,2.26481e-06
1912,2.31385e-06
1913,2.26864e-06
1914,2.09875e-06
1915,2.23448e-06
1916,2.30331e-06
1917,2.35628e-06
1918,2.40154e-06
1919,2.19149e-06
1920,2.35233e-06
1921,2.48784e-06
1922,2.31320e-06
1923,2.14920e-06
1924,2.23133e-06
1925,2.13997e-06
1926,2.27445e-06
1927,2.26788e-06
1928,2.40902e-06
1929,2.32639e-06
1930,2.39122e-06
1931,2.25445e-06
1932,2.35991e-06
1933,2.23388e-06
1934,2.26486e-06
1935,2.35202e-06
1936,2.24980e-06
1937,2.26210e-06
1938,2.29132e-06
1939,2.21476e-06
1940,2.26845e-06
1941,2.43154e-06
1942,2.17440e-06
1943,2.24984e-06
1944,2.20228e-06
1945,2.19929e-06
1946,2.22338e-06
1947,2.17547e-06
1948,2.30482e-06
1949,2.27399e-06
1950,2.37467e-06
1951,2.29248e-06
1952,2.26829e-06
1953,2.23932e-06
1954,2.30286e-06
1955,2.36524e-06
1956,2.35842e-06
1957,2.21247e-06
1958,2.36449e-06
1959,2.17043e-06
1960,2.19438e-06
1961,2.30604e-06
1962,2.21292e-06
1963,2.28680e-06
1964,2.27813e-06
1965,2.34788e-06
1966,2.36889e-06
1967,2.51125e-06
1968,2.31116e-06
1969,2.31835e-06
1970,2.38542e-06
1971,2.27991e-06
1972,2.45053e-06
1973,2.52246e-06
1974,2.38340e-06
1975,2.46116e-06
1976,2.39006e-06
1977,2.41731e-06
1978,2.45361e-06
1979,2.33482e-06
1980,2.40674e-06
1981,2.48408e-06
1982,2.37886e-06
1983,2.42689e-06
1984,2.44001e-06
1985,2.36440e-06
1986,2.46772e-06
1987,2.30295e-06
1988,2.29352e-06
1989,2.34492e-06
1990,2.51394e-06
1991,2.51814e-06
1992,2.34124e-06
1993,2.55332e-06
1994,2.40141e-06
1995,2.42007e-06
1996,2.35968e-06
1997,2.37462e-06
1998,2.32333e-06
1999,2.49557e-06
2000,2.29129e-06
2001,2.48250e-06
2002,2.39677e-06
2003,2.52864e-06
2004,2.39045e-06
2005,2.53145e-06
2006,2.34848e-06
2007,2.47412e-06
2008,2.42613e-06
2009,2.38108e-06
2010,2.46019e-06
2011,2.30731e-06
2012,2.44471e-06
2013,2.33108e-06
2014,2.30060e-06
2015,2.19200e-06
2016,2.38346e-06
2017,2.36721e-06
2018,2.57242e-06
2019,2.22640e-06
2020,2.24351e-06
2021,2.28191e-06
2022,2.20381e-06
2023,2.34560e-06
2024,2.37963e-06
2025,2.42238e-06
2026,2.31093e-06
2027,2.48432e-06
2028,2.43512e-06
2029,2.25212e-06
2030,2.35980e-06
2031,2.34302e-06
2032,2.35302e-06
2033,2.31397e-06
2034,2.43063e-06
2035,2.52134e-06
2036,2.24298e-06
2037,2.44238e-06
2038,2.48783e-06
2039,2.26301e-06
2040,2.37571e-06
2041,2.29137e-06
2042,2.42015e-06
2043,2.39116e-06
2044,2.39426e-06
2045,2.45087e-06
2046,2.40670e-06
2047,2.41961e-06
2048,2.48323e-06
2049,2.26925e-06
2050,2.43021e-06
2051,2.35053e-06
2052,2.30679e-06
2053,2.31499e-06
2054,2.39858e-06
2055,2.36127e-06
2056,2.33132e-06
2057,2.34271e-06
2058,2.19432e-06
2059,2.29593e-06
2060,2.29795e-06
2061,2.29580e-06
2062,2.39433e-06
2063,2.34269e-06
2064,2.23202e-06
2065,2.36095e-06
2066,2.34321e-06
2067,2.38312e-06
2068,2.41150e-06
2069,2.40437e-06
2070,2.35199e-06
2071,2.39474e-06
2072,2.31111e-06
2073,2.35859e-06
2074,2.31358e-06
2075,2.36790e-06
2076,2.49736e-06
2077,2.46561e-06
2078,2.34897e-06
2079,2.42391e-06
2080,2.28432e-06
2081,2.43740e-06
2082,2.19523e-06
2083,2.19806e-06
2084,2.34543e-06
2085,2.43608e-06
2086,2.29531e-06
2087,2.41460e-06
2088,2.28620e-06
2089,2.41083e-06
2090,2.36980e-06
2091,2.37439e-06
2092,2.38524e-06
2093,2.22300e-06
2094,2.26666e-06
2095,2.34408e-06
2096,2.31513e-06
2097,2.51285e-06
2098,2.40837e-06
2099,2.46424e-06
2100,2.30329e-06
2101,2.37788e-06
2102,2.22450e-06
2103,2.35790e-06
2104,2.39817e-06
2105,2.33533e-06
2106,2.34804e-06
2107,2.41313e-06
2108,2.43121e-06
2109,2.27965e-06
2110,2.30311e-06
2111,2.35829e-06
2112,2.38381e-06
2113,2.44431e-06
2114,2.36944e-06
2115,2.40352e-06
2116,2.26885e-06
2117,2.33678e-06
2118,2.36548e-06
2119,2.39829e-06
2120,2.24902e-06
2121,2.34705e-06
2122,2.43423e-06
2123,2.31867e-06
2124,2.23396e-06
2125,2.29609e-06
2126,2.44350e-06
2127,2.23043e-06
2128,2.32237e-06
2129,2.09798e-06
2130,2.21673e-06
2131,2.30032e-06
2132,2.38201e-06
2133,2.29785e-06
2134,2.32022e-06
2135,2.41368e-06
2136,2.16666e-06
2137,2.20364e-06
2138,2.26206e-06
2139,2.37784e-06
2140,2.34151e-06
2141,2.35311e-06
2142,2.23490e-06
2143,2.26555e-06
2144,2.29173e-06
2145,2.39479e-06
2146,2.33826e-06
2147,2.24386e-06
2148,2.20127e-06
2149,2.18956e-06
2150,2.27054e-06
2151,2.29007e-06
2152,2.25611e-06
2153,2.23047e-06
2154,2.27093e-06
2155,2.35645e-06
2156,2.31310e-06
2157,2.25631e-06
2158,2.36870e-06
2159,2.36453e-06
2160,2.30819e-06
2161,2.29327e-06
2162,2.37971e-06
2163,2.33583e-06
2164,2.24069e-06
2165,2.22248e-06
2166,2.34521e-06
2167,2.40529e-06
2168,2.32929e-06
2169,2.21887e-06
2170,2.23126e-06
2171,2.27121e-06
2172,2.25951e-06
2173,2.12202e-06
2174,2.06235e-06
2175,2.13223e-06
2176,2.19681e-06
2177,2.13947e-06
2178,2.30620e-06
2179,2.28394e-06
2180,2.15393e-06
2181,2.19896e-06
2182,2.26357e-06
2183,2.31790e-06
2184,2.16264e-06
2185,2.18389e-06
2186,2.26842e-06
2187,2.25351e-06
2188,2.24291e-06
2189,2.25935e-06
2190,2.21437e-06
2191,2.28505e-06
2192,2.30703e-06
2193,2.19168e-06
2194,2.15041e-06
2195,2.28355e-06
2196,2.27923e-06
2197,2.33802e-06
2198,2.21460e-06
2199,2.18046e-06
2200,2.27904e-06
2201,2.39257e-06
2202,2.11791e-06
2203,2.21772e-06
2204,2.37522e-06
2205,2.15841e-06
2206,2.17211e-06
2207,2.16658e-06
2208,2.22446e-06
2209,2.12920e-06
2210,2.21033e-06
2211,2.17007e-06
2212,2.11462e-06
2213,2.15906e-06
2214,2.15985e-06
2215,2.17025e-06
2216,2.02258e-06
2217,2.10919e-06
2218,2.10551e-06
2219,2.14170e-06
2220,2.15888e-06
2221,2.00545e-06
2222,2.19157e-06
2223,2.00911e-06
2224,2.09603e-06
2225,2.24219e-06
2226,2.26089e-06
2227,2.24952e-06
2228,2.32127e-06
2229,2.14431e-06
2230,2.27088e-06
2231,2.01469e-06
2232,2.21208e-06
2233,2.08008e-06
2234,2.21657e-06
2235,2.12361e-06
2236,2.12675e-06
2237,2.09707e-06
2238,2.26868e-06
2239,2.30504e-06
2240,2.13170e-06
2241,2.25346e-06
2242,2.21510e-06
2243,2.16818e-06
2244,2.26064e-06
2245,2.30230e-06
2246,2.21154e-06
2247,2.29433e-06
2248,2.28608e-06
2249,2.33124e-06
2250,2.31938e-06
2251,2.33311e-06
2252,2.13850e-06
2253,2.24449e-06
2254,2.32772e-06
2255,2.23755e-06
2256,2.44731e-06
2257,2.31248e-06
2258,2.33602e-06
2259,2.42548e-06
2260,2.30221e-06
2261,2.27068e-06
2262,2.32607e-06
2263,2.19963e-06
2264,2.20842e-06
2265,2.23433e-06
2266,2.19694e-06
2267,2.24092e-06
2268,2.24381e-06
2269,2.27799e-06
2270,2.24721e-06
2271,2.40333e-06
2272,2.26119e-06
2273,2.29574e-06
2274,2.32704e-06
2275,2.30192e-06
2276,2.33724e-06
2277,2.30798e-06
2278,2.24635e-06
2279,2.29262e-06
2280,2.29909e-06
2281,2.36709e-06
2282,2.19700e-06
2283,2.26331e-06
2284,2.40841e-06
2285,2.35762e-06
2286,2.41297e-06
2287,2.41941e-06
2288,2.36900e-06
2289,2.32389e-06
2290,2.32099e-06
2291,2.35034e-06
2292,2.30744e-06
2293,2.30728e-06
2294,2.31864e-06
2295,2.29708e-06
2296,2.26490e-06
2297,2.23665e-06
2298,2.14913e-06
2299,2.38086e-06
2300,2.28363e-06
2301,2.25686e-06
2302,2.24009e-06
2303,2.25942e-06
2304,2.15622e-06
2305,2.15337e-06
2306,2.15644e-06
2307,2.27451e-06
2308,2.29833e-06
2309,2.35096e-06
2310,2.49679e-06
2311,2.33258e-06
2312,2.34257e-06
2313,2.29933e-06
2314,2.32092e-06
2315,2.45071e-06
2316,2.35105e-06
2317,2.39830e-06
2318,2.30851e-06
2319,2.39544e-06
2320,2.42238e-06
2321,2.28786e-06
2322,2.50458e-06
2323,2.45853e-06
2324,2.36557e-06
2325,2.24970e-06
2326,2.45781e-06
2327,2.39445e-06
2328,2.38047e-06
2329,2.39771e-06
2330,2.34240e-06
2331,2.34480e-06
2332,2.33384e-06
2333,2.30062e-06
2334,2.31871e-06
2335,2.34385e-06
2336,2.36946e-06
2337,2.40845e-06
2338,2.43485e-06
2339,2.38781e-06
2340,2.41938e-06
2341,2.52071e-06
2342,2.34369e-06
2343,2.44346e-06
2344,2.29096e-06
2345,2.36139e-06
2346,2.30885e-06
2347,2.40903e-06
2348,2.39644e-06
2349,2.48131e-06
2350,2.48798e-06
2351,2.26686e-06
2352,2.35233e-06
2353,2.30579e-06
2354,2.33659e-06
2355,2.32135e-06
2356,2.31608e-06
2357,2.43582e-06
2358,2.51530e-06
2359,2.40880e-06
2360,2.47843e-06
2361,2.41212e-06
2362,2.43163e-06
2363,2.41288e-06
2364,2.31941e-06
2365,2.34233e-06
2366,2.50582e-06
2367,2.41196e-06
2368,2.23669e-06
2369,2.45920e-06
2370,2.43073e-06
2371,2.48915e-06
2372,2.25475e-06
2373,2.35843e-06
2374,2.43014e-06
2375,2.58880e-06
2376,2.52700e-06
2377,2.37767e-06
2378,2.46411e-06
2379,2.45904e-06
2380,2.33289e-06
2381,2.45688e-06
2382,2.33179e-06
2383,2.52819e-06
2384,2.39470e-06
2385,2.43603e-06
2386,2.46237e-06
2387,2.42487e-06
2388,2.53780e-06
2389,2.42525e-06
2390,2.38191e-06
2391,2.57708e-06
2392,2.49714e-06
2393,2.49152e-06
2394,2.31484e-06
2395,2.58245e-06
2396,2.54514e-06
2397,2.36516e-06
2398,2.40701e-06
2399,2.46635e-06
2400,2.55438e-06
2401,2.45102e-06
2402,2.53560e-06
2403,2.45517e-06
2404,2.41347e-06
2405,2.60869e-06
2406,2.44540e-06
2407,2.50478e-06
2408,2.41566e-06
2409,2.44945e-06
2410,2.52874e-06
2411,2.52784e-06
2412,2.48267e-06
2413,2.54164e-06
2414,2.42868e-06
2415,2.46223e-06
2416,2.38447e-06
2417,2.33509e-06
2418,2.46576e-06
2419,2.31153e-06
2420,2.37963e-06
2421,2.41989e-06
2422,2.34466e-06
2423,2.43496e-06
2424,2.35957e-06
2425,2.32232e-06
2426,2.21321e-06
2427,2.39136e-06
2428,2.39590e-06
2429,2.29610e-06
2430,2.40791e-06
2431,2.39857e-06
2432,2.48265e-06
2433,2.33500e-06
2434,2.39549e-06
2435,2.55026e-06
2436,2.39165e-06
2437,2.40282e-06
2438,2.45905e-06
2439,2.32811e-06
2440,2.41885e-06
2441,2.41772e-06
2442,2.34387e-06
2443,2.36246e-06
2444,2.32410e-06
2445,2.26569e-06
2446,2.30900e-06
2447,2.41503e-06
2448,2.36495e-06
2449,2.32623e-06
2450,2.37798e-06
2451,2.26338e-06
2452,2.33358e-06
2453,2.45859e-06
2454,2.45007e-06
2455,2.43563e-06
2456,2.27176e-06
2457,2.37764e-06
2458,2.44951e-06
2459,2.40608e-06
2460,2.37869e-06
2461,2.42719e-06
2462,2.38024e-06
2463,2.33587e-06
2464,2.43769e-06
2465,2.28108e-06
2466,2.41078e-06
2467,2.26039e-06
2468,2.41775e-06
2469,2.35300e-06
2470,2.33412e-06
2471,2.37245e-06
2472,2.39037e-06
2473,2.47589e-06
2474,2.30941e-06
2475,2.21561e-06
2476,2.40616e-06
2477,2.33625e-06
2478,2.46865e-06
2479,2.37462e-06
2480,2.36623e-06
2481,2.39660e-06
2482,2.27594e-06
2483,2.35393e-06
2484,2.42919e-06
2485,2.27775e-06
2486,2.30263e-06
2487,2.38474e-06
2488,2.41638e-06
2489,2.32812e-06
2490,2.46106e-06
2491,2.45456e-06
2492,2.62396e-06
2493,2.52544e-06
2494,2.28614e-06
2495,2.34101e-06
2496,2.46682e-06
2497,2.45659e-06
2498,2.32763e-06
2499,2.26185e-06
2500,2.24308e-06
2501,2.32006e-06
2502,2.34755e-06
2503,2.36516e-06
2504,2.39473e-06
2505,2.41789e-06
2506,2.34905e-06
2507,2.32362e-06
2508,2.25577e-06
2509,2.47999e-06
2510,2.38656e-06
2511,2.31196e-06
2512,2.46234e-06
2513,2.39711e-06
2514,2.38103e-06
2515,2.28319e-06
2516,2.44755e-06
2517,2.39930e-06
2518,2.39039e-06
2519,2.53148e-06
2520,2.47309e-06
2521,2.46342e-06
2522,2.48995e-06
2523,2.39425e-06
2524,2.42856e-06
2525,2.39683e-06
2526,2.45253e-06
2527,2.39276e-06
2528,2.45359e-06
2529,2.46896e-06
2530,2.38525e-06
2531,2.39005e-06
2532,2.30673e-06
2533,2.40490e-06
2534,2.40549e-06
2535,2.38497e-06
2536,2.37641e-06
2537,2.37065e-06
2538,2.41873e-06
2539,2.36109e-06
2540,2.35021e-06
2541,2.28060e-06
2542,2.39592e-06
2543,2.30019e-06
2544,2.44187e-06
2545,2.36166e-06
2546,2.38346e-06
2547,2.34306e-06
2548,2.39699e-06
2549,2.46670e-06
2550,2.33570e-06
2551,2.34176e-06
2552,2.46328e-06
2553,2.45159e-06
2554,2.39722e-06
2555,2.36718e-06
2556,2.54680e-06
2557,2.32494e-06
2558,2.38741e-06
2559,2.40247e-06
2560,2.45776e-06
2561,2.38815e-06
2562,2.37349e-06
2563,2.23757e-06
2564,2.28690e-06
2565,2.32295e-06
2566,2.24879e-06
2567,2.32055e-06
2568,2.22278e-06
2569,2.20100e-06
2570,2.36170e-06
2571,2.36914e-06
2572,2.53611e-06
2573,2.41342e-06
2574,2.45853e-06
2575,2.34222e-06
2576,2.37529e-06
2577,2.35591e-06
2578,2.47323e-06
2579,2.39622e-06
2580,2.31340e-06
2581,2.60324e-06
2582,2.55206e-06
2583,2.48564e-06
2584,2.41871e-06
2585,2.35803e-06
2586,2.48021e-06
2587,2.40107e-06
2588,2.34889e-06
2589,2.39196e-06
2590,2.40992e-06
2591,2.54394e-06
2592,2.46420e-06
2593,2.43219e-06
2594,2.52228e-06
2595,2.50149e-06
2596,2.41371e-06
2597,2.45158e-06
2598,2.41182e-06
2599,2.62368e-06
2600,2.53277e-06
2601,2.48061e-06
2602,2.41180e-06
2603,2.39846e-06
2604,2.35180e-06
2605,2.49380e-06
2606,2.46413e-06
2607,2.42344e-06
2608,2.43105e-06
2609,2.53222e-06
2610,2.43904e-06
2611,2.58242e-06
2612,2.46723e-06
2613,2.49421e-06
2614,2.48929e-06
2615,2.55529e-06
2616,2.43928e-06
2617,2.58079e-06
2618,2.56122e-06
2619,2.50926e-06
2620,2.49661e-06
2621,2.56035e-06
2622,2.53043e-06
2623,2.52146e-06
2624,2.37921e-06
2625,2.56076e-06
2626,2.40045e-06
2627,2.53364e-06
2628,2.51343e-06
2629,2.46892e-06
2630,2.51511e-06
2631,2.39487e-06
2632,2.42907e-06
2633,2.30565e-06
2634,2.26773e-06
2635,2.44007e-06
2636,2.44594e-06
2637,2.49778e-06
2638,2.48633e-06
2639,2.52978e-06
2640,2.47339e-06
2641,2.53093e-06
2642,2.52846e-06
2643,2.41051e-06
2644,2.51992e-06
2645,2.45380e-06
2646,2.49628e-06
2647,2.41610e-06
2648,2.47208e-06
2649,2.41349e-06
2650,2.57232e-06
2651,2.50135e-06
2652,2.43788e-06
2653,2.51614e-06
2654,2.46604e-06
2655,2.46462e-06
2656,2.31470e-06
2657,2.50411e-06
2658,2.52944e-06
2659,2.46600e-06
2660,2.45388e-06
2661,2.32229e-06
2662,2.37743e-06
2663,2.59605e-06
2664,2.43312e-06
2665,2.35530e-06
2666,2.47401e-06
2667,2.51734e-06
2668,2.46326e-06
2669,2.36753e-06
2670,2.39038e-06
2671,2.48144e-06
2672,2.52225e-06
2673,2.41864e-06
2674,2.41385e-06
2675,2.55912e-06
2676,2.38200e-06
2677,2.40038e-06
2678,2.40083e-06
2679,2.43691e-06
2680,2.44207e-06
2681,2.52328e-06
2682,2.40717e-06
2683,2.47599e-06
2684,2.40695e-06
2685,2.40557e-06
2686,2.44590e-06
2687,2.57077e-06
2688,2.45853e-06
2689,2.39475e-06
2690,2.47269e-06
2691,2.34554e-06
2692,2.54138e-06
2693,2.38837e-06
2694,2.47326e-06
2695,2.37388e-06
2696,2.43813e-06
2697,2.38418e-06
2698,2.40543e-06
2699,2.46896e-06
2700,2.49685e-06
2701,2.42996e-06
2702,2.56491e-06
2703,2.39765e-06
2704,2.49342e-06
2705,2.34606e-06
2706,2.49027e-06
2707,2.46536e-06
2708,2.43737e-06
2709,2.30881e-06
2710,2.40094e-06
2711,2.44310e-06
2712,2.27641e-06
2713,2.40857e-06
2714,2.23880e-06
2715,2.38002e-06
2716,2.36348e-06
2717,2.24692e-06
2718,2.23955e-06
2719,2.46997e-06
2720,2.32574e-06
2721,2.37396e-06
2722,2.44709e-06
2723,2.38426e-06
2724,2.38128e-06
2725,2.57444e-06
2726,2.39455e-06
2727,2.11947e-06
2728,2.42862e-06
2729,2.45454e-06
2730,2.39606e-06
2731,2.36894e-06
2732,2.42767e-06
2733,2.54955e-06
2734,2.27275e-06
2735,2.46280e-06
2736,2.43451e-06
2737,2.45092e-06
2738,2.51106e-06
2739,2.51025e-06
2740,2.53243e-06
2741,2.39236e-06
2742,2.39858e-06
2743,2.37663e-06
2744,2.39117e-06
2745,2.38886e-06
2746,2.40253e-06
2747,2.43748e-06
2748,2.38768e-06
2749,2.51105e-06
2750,2.27407e-06
2751,2.28979e-06
2752,2.22561e-06
2753,2.31436e-06
2754,2.40487e-06
2755,2.25829e-06
2756,2.40728e-06
2757,2.34806e-06
2758,2.40483e-06
2759,2.35889e-06
2760,2.37243e-06
2761,2.36519e-06
2762,2.48611e-06
2763,2.36950e-06
2764,2.37393e-06
2765,2.33077e-06
2766,2.49830e-06
2767,2.48798e-06
2768,2.43577e-06
2769,2.42745e-06
2770,2.51040e-06
2771,2.49511e-06
2772,2.60398e-06
2773,2.44503e-06
2774,2.35689e-06
2775,2.41155e-06
2776,2.49425e-06
2777,2.46382e-06
2778,2.44732e-06
2779,2.43755e-06
2780,2.50043e-06
2781,2.39708e-06
2782,2.53297e-06
2783,2.68363e-06
2784,2.53033e-06
2785,2.30128e-06
2786,2.54697e-06
2787,2.58284e-06
2788,2.43730e-06
2789,2.40365e-06
2790,2.43606e-06
2791,2.37974e-06
2792,2.49957e-06
2793,2.46407e-06
2794,2.53231e-06
2795,2.54261e-06
2796,2.53773e-06
2797,2.46385e-06
2798,2.54583e-06
2799,2.61661e-06
2800,2.53599e-06
2801,2.52147e-06
2802,2.53818e-06
2803,2.51701e-06
2804,2.35816e-06
2805,2.54902e-06
2806,2.48291e-06
2807,2.47726e-06
2808,2.54891e-06
2809,2.57266e-06
2810,2.55575e-06
2811,2.55953e-06
2812,2.44292e-06
2813,2.50599e-06
2814,2.61599e-06
2815,2.59109e-06
2816,2.46553e-06
2817,2.40525e-06
2818,2.54803e-06
2819,2.48656e-06
2820,2.47873e-06
2821,2.57323e-06
2822,2.54701e-06
2823,2.58306e-06
2824,2.41285e-06
2825,2.44026e-06
2826,2.47320e-06
2827,2.47792e-06
2828,2.49640e-06
2829,2.51987e-06
2830,2.48372e-06
2831,2.50604e-06
2832,2.38517e-06
2833,2.45348e-06
2834,2.39484e-06
2835,2.39746e-06
2836,2.42620e-06
2837,2.45088e-06
2838,2.54532e-06
2839,2.63821e-06
2840,2.53439e-06
2841,2.58400e-06
2842,2.55984e-06
2843,2.43685e-06
2844,2.43390e-06
2845,2.45905e-06
2846,2.60654e-06
2847,2.48764e-06
2848,2.55121e-06
2849,2.44895e-06
2850,2.61498e-06
2851,2.49599e-06
2852,2.45449e-06
2853,2.47048e-06
2854,2.57733e-06
2855,2.57505e-06
2856,2.55935e-06
2857,2.55054e-06
2858,2.64872e-06
2859,2.43834e-06
2860,2.44204e-06
2861,2.39111e-06
2862,2.43982e-06
2863,2.51594e-06
2864,2.55406e-06
2865,2.41562e-06
2866,2.54342e-06
2867,2.46310e-06
2868,2.54460e-06
2869,2.62074e-06
2870,2.46788e-06
2871,2.45136e-06
2872,2.49310e-06
2873,2.42078e-06
2874,2.45889e-06
2875,2.51514e-06
2876,2.41555e-06
2877,2.36830e-06
2878,2.53473e-06
2879,2.36467e-06
2880,2.33546e-06
2881,2.52408e-06
2882,2.53666e-06
2883,2.39492e-06
2884,2.53406e-06
2885,2.34538e-06
2886,2.27682e-06
2887,2.49764e-06
2888,2.53455e-06
2889,2.43619e-06
2890,2.33771e-06
2891,2.38471e-06
2892,2.36151e-06
2893,2.31256e-06
2894,2.36597e-06
2895,2.35931e-06
2896,2.25478e-06
2897,2.52665e-06
2898,2.43750e-06
2899,2.46398e-06
2900,2.49562e-06
2901,2.50283e-06
2902,2.51436e-06
2903,2.38124e-06
2904,2.37841e-06
2905,2.52768e-06
2906,2.36739e-06
2907,2.39943e-06
2908,2.48712e-06
2909,2.44646e-06
2910,2.67951e-06
2911,2.33180e-06
2912,2.39895e-06
2913,2.44468e-06
2914,2.35925e-06
2915,2.59220e-06
2916,2.55638e-06
2917,2.37294e-06
2918,2.38616e-06
2919,2.33413e-06
2920,2.39566e-06
2921,2.35119e-06
2922,2.47250e-06
2923,2.34879e-06
2924,2.37029e-06
2925,2.34327e-06
2926,2.41914e-06
2927,2.30101e-06
2928,2.36419e-06
2929,2.40836e-06
2930,2.44615e-06
2931,2.32020e-06
2932,2.52533e-06
2933,2.44215e-06
2934,2.48093e-06
2935,2.55658e-06
2936,2.41770e-06
2937,2.34454e-06
2938,2.27632e-06
2939,2.57221e-06
2940,2.44608e-06
2941,2.52080e-06
2942,2.44107e-06
2943,2.33442e-06
2944,2.49731e-06
2945,2.48463e-06
2946,2.40457e-06
2947,2.46211e-06
2948,2.46083e-06
2949,2.31944e-06
2950,2.49920e-06
2951,2.30351e-06
2952,2.41277e-06
2953,2.32451e-06
2954,2.42778e-06
2955,2.33890e-06
2956,2.50846e-06
2957,2.41892e-06
2958,2.47969e-06
2959,2.33629e-06
2960,2.38006e-06
2961,2.24887e-06
2962,2.18342e-06
2963,2.41537e-06
2964,2.37487e-06
2965,2.40622e-06
2966,2.27600e-06
2967,2.25810e-06
2968,2.28283e-06
2969,2.25011e-06
2970,2.26133e-06
2971,2.48871e-06
2972,2.26693e-06
2973,2.49052e-06
2974,2.48361e-06
2975,2.49735e-06
2976,2.39533e-06
2977,2.37683e-06
2978,2.49677e-06
2979,2.34007e-06
2980,2.45923e-06
2981,2.50434e-06
2982,2.56248e-06
2983,2.43228e-06
2984,2.55223e-06
2985,2.55195e-06
2986,2.49973e-06
2987,2.49769e-06
2988,2.46579e-06
2989,2.51714e-06
2990,2.47416e-06
2991,2.52332e-06
2992,2.52689e-06
2993,2.57375e-06
2994,2.46117e-06
2995,2.54995e-06
2996,2.36599e-06
2997,2.49400e-06
2998,2.44241e-06
2999,2.44348e-06
3000,2.50539e-06
3001,2.45937e-06
3002,2.48977e-06
3003,2.56874e-06
3004,2.45968e-06
3005,2.68175e-06
3006,2.69214e-06
3007,2.72538e-06
3008,2.51533e-06
3009,2.63170e-06
3010,2.64684e-06
3011,2.56487e-06
3012,2.60434e-06
3013,2.45623e-06
3014,2.44672e-06
3015,2.47921e-06
3016,2.50316e-06
3017,2.53653e-06
3018,2.45633e-06
3019,2.23787e-06
3020,2.44733e-06
3021,2.46303e-06
3022,2.42555e-06
3023,2.46661e-06
3024,2.43105e-06
3025,2.36952e-06
3026,2.41295e-06
3027,2.48514e-06
3028,2.49180e-06
3029,2.47089e-06
3030,2.48867e-06
3031,2.35810e-06
3032,2.49089e-06
3033,2.53415e-06
3034,2.40579e-06
3035,2.44156e-06
3036,2.46330e-06
3037,2.41069e-06
3038,2.36218e-06
3039,2.55284e-06
3040,2.51008e-06
3041,2.58422e-06
3042,2.37702e-06
3043,2.39580e-06
3044,2.62135e-06
3045,2.38514e-06
3046,2.53002e-06
3047,2.50945e-06
3048,2.41752e-06
3049,2.46374e-06
3050,2.46014e-06
3051,2.39875e-06
3052,2.46930e-06
3053,2.44949e-06
3054,2.50967e-06
3055,2.48891e-06
3056,2.57028e-06
3057,2.38567e-06
3058,2.43726e-06
3059,2.53642e-06
3060,2.40316e-06
3061,2.42371e-06
3062,2.58027e-06
3063,2.47077e-06
3064,2.37813e-06
3065,2.19475e-06
3066,2.16428e-06
3067,2.18311e-06
3068,2.24826e-06
3069,2.17776e-06
3070,2.12998e-06
3071,2.20662e-06
3072,2.21206e-06
3073,2.25122e-06
3074,2.26290e-06
3075,2.36653e-06
3076,2.24365e-06
3077,2.35980e-06
3078,2.30560e-06
3079,2.33654e-06
3080,2.31275e-06
3081,2.39729e-06
3082,2.45995e-06
3083,2.45281e-06
3084,2.39347e-06
3085,2.35157e-06
3086,2.49350e-06
3087,2.29813e-06
3088,2.29517e-06
3089,2.36847e-06
3090,2.31499e-06
3091,2.41283e-06
3092,2.35954e-06
3093,2.35951e-06
3094,2.44036e-06
3095,2.30052e-06
3096,2.40263e-06
3097,2.32599e-06
3098,2.25074e-06
3099,2.18542e-06
3100,2.35996e-06
3101,2.58820e-06
3102,2.50326e-06
3103,2.49405e-06
3104,2.49602e-06
3105,2.37330e-06
3106,2.33644e-06
3107,2.39328e-06
3108,2.40313e-06
3109,2.39417e-06
3110,2.41515e-06
3111,2.39872e-06
3112,2.40167e-06
3113,2.37985e-06
3114,2.47933e-06
3115,2.31860e-06
3116,2.44993e-06
3117,2.51326e-06
3118,2.36850e-06
3119,2.42908e-06
3120,2.26751e-06
3121,2.46267e-06
3122,2.44705e-06
3123,2.30281e-06
3124,2.48218e-06
3125,2.39261e-06
3126,2.33505e-06
3127,2.40355e-06
3128,2.42197e-06
3129,2.41657e-06
3130,2.34365e-06
3131,2.42934e-06
3132,2.46344e-06
3133,2.40466e-06
3134,2.28209e-06
3135,2.31808e-06
3136,2.40500e-06
3137,2.41573e-06
3138,2.47560e-06
3139,2.45431e-06
3140,2.20174e-06
3141,2.31797e-06
3142,2.37792e-06
3143,2.28818e-06
3144,2.26431e-06
3145,2.31427e-06
3146,2.40446e-06
3147,2.40119e-06
3148,2.47798e-06
3149,2.33791e-06
3150,2.27081e-06
3151,2.36351e-06
3152,2.49821e-06
3153,2.34831e-06
3154,2.32498e-06
3155,2.33512e-06
3156,2.44749e-06
3157,2.33628e-06
3158,2.32451e-06
3159,2.26477e-06
3160,2.34767e-06
3161,2.30553e-06
3162,2.38319e-06
3163,2.33495e-06
3164,2.34904e-06
3165,2.33936e-06
3166,2.26156e-06
3167,2.45872e-06
3168,2.35501e-06
3169,2.44466e-06
3170,2.38729e-06
3171,2.38095e-06
3172,2.26962e-06
3173,2.36441e-06
3174,2.47565e-06
3175,2.30376e-06
3176,2.29418e-06
3177,2.33760e-06
3178,2.27517e-06
3179,2.22810e-06
3180,2.53562e-06
3181,2.37842e-06
3182,2.17077e-06
3183,2.38523e-06
3184,2.33667e-06
3185,2.31676e-06
3186,2.30084e-06
3187,2.29350e-06
3188,2.30866e-06
3189,2.36113e-06
3190,2.31295e-06
3191,2.30823e-06
3192,2.22768e-06
3193,2.32097e-06
3194,2.25666e-06
3195,2.32486e-06
3196,2.21247e-06
3197,2.34239e-06
3198,2.32998e-06
3199,2.38165e-06
3200,2.37895e-06
3201,2.36414e-06
3202,2.34857e-06
3203,2.31606e-06
3204,2.32845e-06
3205,2.29793e-06
3206,2.30054e-06
3207,2.25741e-06
3208,2.45964e-06
3209,2.20024e-06
3210,2.24399e-06
3211,2.15160e-06
3212,2.21436e-06
3213,2.28994e-06
3214,2.37106e-06
3215,2.35354e-06
3216,2.33430e-06
3217,2.33432e-06
3218,2.38430e-06
3219,2.37518e-06
3220,2.32043e-06
3221,2.34171e-06
3222,2.22623e-06
3223,2.28348e-06
3224,2.37096e-06
3225,2.32544e-06
3226,2.39777e-06
3227,2.40118e-06
3228,2.38409e-06
3229,2.28302e-06
3230,2.24965e-06
3231,2.22248e-06
3232,2.21576e-06
3233,2.37331e-06
3234,2.23412e-06
3235,2.15842e-06
3236,2.27423e-06
3237,2.24343e-06
3238,2.38182e-06
3239,2.41819e-06
3240,2.33546e-06
3241,2.25023e-06
3242,2.35473e-06
3243,2.34916e-06
3244,2.37602e-06
3245,2.47566e-06
3246,2.45608e-06
3247,2.45638e-06
3248,2.43320e-06
3249,2.44195e-06
3250,2.49679e-06
3251,2.47945e-06
3252,2.56249e-06
3253,2.44834e-06
3254,2.50298e-06
3255,2.45213e-06
3256,2.46380e-06
3257,2.51611e-06
3258,2.51882e-06
3259,2.43405e-06
3260,2.49238e-06
3261,2.50787e-06
3262,2.48787e-06
3263,2.58813e-06
3264,2.48263e-06
3265,2.55207e-06
3266,2.44762e-06
3267,2.61772e-06
3268,2.39997e-06
3269,2.50829e-06
3270,2.43546e-06
3271,2.29370e-06
3272,2.46899e-06
3273,2.43883e-06
3274,2.39917e-06
3275,2.57947e-06
3276,2.45732e-06
3277,2.41236e-06
3278,2.50713e-06
3279,2.46791e-06
3280,2.53547e-06
3281,2.37440e-06
3282,2.44443e-06
3283,2.47969e-06
3284,2.50955e-06
3285,2.57183e-06
3286,2.53543e-06
3287,2.47794e-06
3288,2.41885e-06
3289,2.47331e-06
3290,2.46608e-06
3291,2.34810e-06
3292,2.40700e-06
3293,2.39896e-06
3294,2.37183e-06
3295,2.39217e-06
3296,2.35623e-06
3297,2.42604e-06
3298,2.59481e-06
3299,2.41978e-06
3300,2.48465e-06
3301,2.39334e-06
3302,2.52293e-06
3303,2.67417e-06
3304,2.51396e-06
3305,2.45204e-06
3306,2.56793e-06
3307,2.55559e-06
3308,2.46168e-06
3309,2.44775e-06
3310,2.32572e-06
3311,2.43427e-06
3312,2.56054e-06
3313,2.42232e-06
3314,2.40464e-06
3315,2.45876e-06
3316,2.39450e-06
3317,2.41015e-06
3318,2.48899e-06
3319,2.41574e-06
3320,2.38773e-06
3321,2.45582e-06
3322,2.35372e-06
3323,2.40899e-06
3324,2.41536e-06
3325,2.30011e-06
3326,2.29720e-06
3327,2.44352e-06
3328,2.28421e-06
3329,2.43717e-06
3330,2.52821e-06
3331,2.53689e-06
3332,2.44670e-06
3333,2.32613e-06
3334,2.50498e-06
3335,2.48259e-06
3336,2.42024e-06
3337,2.38463e-06
3338,2.47170e-06
3339,2.40657e-06
3340,2.35542e-06
3341,2.44642e-06
3342,2.42733e-06
3343,2.52781e-06
3344,2.44253e-06
3345,2.41372e-06
3346,2.34420e-06
3347,2.45147e-06
3348,2.42502e-06
3349,2.42045e-06
3350,2.36404e-06
3351,2.36226e-06
3352,2.40858e-06
3353,2.40934e-06
3354,2.48507e-06
3355,2.37389e-06
3356,2.39519e-06
3357,2.39957e-06
3358,2.56038e-06
3359,2.51054e-06
3360,2.37571e-06
3361,2.51829e-06
3362,2.48008e-06
3363,2.51639e-06
3364,2.43698e-06
3365,2.57051e-06
3366,2.51986e-06
3367,2.49772e-06
3368,2.61453e-06
3369,2.39374e-06
3370,2.41680e-06
3371,2.48914e-06
3372,2.29128e-06
3373,2.52773e-06
3374,2.43389e-06
3375,2.44772e-06
3376,2.36500e-06
3377,2.32369e-06
3378,2.35607e-06
3379,2.51811e-06
3380,2.35588e-06
3381,2.35067e-06
3382,2.39023e-06
3383,2.45146e-06
3384,2.53908e-06
3385,2.39505e-06
3386,2.44442e-06
3387,2.39530e-06
3388,2.26450e-06
3389,2.45431e-06
3390,2.51916e-06
3391,2.34841e-06
3392,2.43148e-06
3393,2.45161e-06
3394,2.42149e-06
3395,2.33176e-06
3396,2.51196e-06
3397,2.35902e-06
3398,2.39804e-06
3399,2.38279e-06
3400,2.46189e-06
3401,2.55278e-06
3402,2.45976e-06
3403,2.36512e-06
3404,2.42977e-06
3405,2.34466e-06
3406,2.54217e-06
3407,2.51002e-06
3408,2.42591e-06
3409,2.45469e-06
3410,2.54821e-06
3411,2.47844e-06
3412,2.45893e-06
3413,2.40096e-06
3414,2.37753e-06
3415,2.48218e-06
3416,2.32747e-06
3417,2.38942e-06
3418,2.25543e-06
3419,2.25230e-06
3420,2.46292e-06
3421,2.40513e-06
3422,2.46744e-06
3423,2.27745e-06
3424,2.34326e-06
3425,2.36435e-06
3426,2.43773e-06
3427,2.47279e-06
3428,2.41955e-06
3429,2.54901e-06
3430,2.43097e-06
3431,2.48293e-06
3432,2.43528e-06
3433,2.48744e-06
3434,2.44575e-06
3435,2.43641e-06
3436,2.48557e-06
3437,2.40483e-06
3438,2.43619e-06
3439,2.46329e-06
3440,2.30880e-06
3441,2.40712e-06
3442,2.45557e-06
3443,2.46859e-06
3444,2.41833e-06
3445,2.47682e-06
3446,2.35453e-06
3447,2.40914e-06
3448,2.52246e-06
3449,2.49437e-06
3450,2.51185e-06
3451,2.56213e-06
3452,2.42662e-06
3453,2.44192e-06
3454,2.40679e-06
3455,2.50637e-06
3456,2.55434e-06
3457,2.43809e-06
3458,2.45969e-06
3459,2.44580e-06
3460,2.47276e-06
3461,2.41805e-06
3462,2.39408e-06
3463,2.44495e-06
3464,2.39271e-06
3465,2.43361e-06
3466,2.32783e-06
3467,2.49350e-06
3468,2.43182e-06
3469,2.46745e-06
3470,2.30827e-06
3471,2.43341e-06
3472,2.39542e-06
3473,2.35282e-06
3474,2.42835e-06
3475,2.50577e-06
3476,2.28926e-06
3477,2.36324e-06
3478,2.35306e-06
3479,2.37883e-06
3480,2.38028e-06
3481,2.30082e-06
3482,2.52111e-06
3483,2.50283e-06
3484,2.40496e-06
3485,2.31909e-06
3486,2.43598e-06
3487,2.35407e-06
3488,2.37728e-06
3489,2.21173e-06
3490,2.21907e-06
3491,2.24104e-06
3492,2.33371e-06
3493,2.28536e-06
3494,2.28036e-06
3495,2.29452e-06
3496,2.27868e-06
3497,2.19518e-06
3498,2.44905e-06
3499,2.24595e-06
3500,2.24070e-06
3501,2.32426e-06
3502,2.31103e-06
3503,2.39851e-06
3504,2.28783e-06
3505,2.33297e-06
3506,2.35129e-06
3507,2.34018e-06
3508,2.35602e-06
3509,2.22059e-06
3510,2.34073e-06
3511,2.19181e-06
3512,2.31089e-06
3513,2.33451e-06
3514,2.33369e-06
3515,2.31162e-06
3516,2.29927e-06
3517,2.25945e-06
3518,2.23102e-06
3519,2.38601e-06
3520,2.16240e-06
3521,2.20980e-06
3522,2.22038e-06
3523,2.21737e-06
3524,2.35592e-06
3525,2.28113e-06
3526,2.24445e-06
3527,2.35103e-06
3528,2.32303e-06
3529,2.30017e-06
3530,2.20794e-06
3531,2.32625e-06
3532,2.11751e-06
3533,2.22235e-06
3534,2.18807e-06
3535,2.26144e-06
3536,2.33613e-06
3537,2.30451e-06
3538,2.34907e-06
3539,2.41803e-06
3540,2.40085e-06
3541,2.20405e-06
3542,2.34716e-06
3543,2.42851e-06
3544,2.39233e-06
3545,2.38864e-06
3546,2.36563e-06
3547,2.40837e-06
3548,2.45065e-06
3549,2.21204e-06
3550,2.32542e-06
3551,2.24771e-06
3552,2.23578e-06
3553,2.42146e-06
3554,2.33765e-06
3555,2.22392e-06
3556,2.18555e-06
3557,2.26149e-06
3558,2.51279e-06
3559,2.33503e-06
3560,2.26048e-06
3561,2.36936e-06
3562,2.38141e-06
3563,2.19927e-06
3564,2.36060e-06
3565,2.25708e-06
3566,2.26770e-06
3567,2.33441e-06
3568,2.37990e-06
3569,2.37591e-06
3570,2.35617e-06
3571,2.27572e-06
3572,2.36876e-06
3573,2.33136e-06
3574,2.36662e-06
3575,2.29271e-06
3576,2.18454e-06
3577,2.27277e-06
3578,2.41176e-06
3579,2.35380e-06
3580,2.36763e-06
3581,2.33794e-06
3582,2.38672e-06
3583,2.30328e-06
3584,2.31482e-06
3585,2.29116e-06
3586,2.11143e-06
3587,2.31991e-06
3588,2.37893e-06
3589,2.28211e-06
3590,2.42575e-06
3591,2.18576e-06
3592,2.28658e-06
3593,2.34615e-06
3594,2.40923e-06
3595,2.24734e-06
3596,2.40423e-06
3597,2.38348e-06
3598,2.49148e-06
3599,2.35554e-06
3600,2.44329e-06
3601,2.31204e-06
3602,2.26265e-06
3603,2.15247e-06
3604,2.39634e-06
3605,2.28314e-06
3606,2.26893e-06
3607,2.27642e-06
3608,2.32418e-06
3609,2.34262e-06
3610,2.08241e-06
3611,2.16525e-06
3612,2.21640e-06
3613,2.21082e-06
3614,2.37341e-06
3615,2.21423e-06
3616,2.18677e-06
3617,2.08954e-06
3618,2.10791e-06
3619,2.28373e-06
3620,2.30245e-06
3621,2.32736e-06
3622,2.26049e-06
3623,2.33244e-06
3624,2.33046e-06
3625,2.26620e-06
3626,2.28314e-06
3627,2.31583e-06
3628,2.37341e-06
3629,2.31106e-06
3630,2.22582e-06
3631,2.35705e-06
3632,2.32525e-06
3633,2.40027e-06
3634,2.38172e-06
3635,2.39299e-06
3636,2.24313e-06
3637,2.25044e-06
3638,2.25617e-06
3639,2.32631e-06
3640,2.32821e-06
3641,2.28679e-06
3642,2.28811e-06
3643,2.21916e-06
3644,2.21728e-06
3645,2.26946e-06
3646,2.27140e-06
3647,2.29640e-06
3648,2.21391e-06
3649,2.22809e-06
3650,2.19152e-06
3651,2.26012e-06
3652,2.28070e-06
3653,2.24128e-06
3654,2.34342e-06
3655,2.21237e-06
3656,2.21330e-06
3657,2.22372e-06
3658,2.13862e-06
3659,2.20735e-06
3660,2.28513e-06
3661,2.18057e-06
3662,2.19664e-06
3663,2.27643e-06
3664,2.20977e-06
3665,2.25416e-06
3666,2.18156e-06
3667,2.11448e-06
3668,2.25605e-06
3669,2.19462e-06
3670,2.31674e-06
3671,2.29594e-06
3672,2.19767e-06
3673,2.24595e-06
3674,2.33061e-06
3675,2.25312e-06
3676,2.20837e-06
3677,2.20849e-06
3678,2.22502e-06
3679,2.08869e-06
3680,2.21893e-06
3681,2.33309e-06
3682,2.23683e-06
3683,2.25201e-06
3684,2.20206e-06
3685,2.21503e-06
3686,2.07911e-06
3687,2.23562e-06
3688,2.24212e-06
3689,2.26545e-06
3690,2.32398e-06
3691,2.18785e-06
3692,2.33100e-06
3693,2.09989e-06
3694,2.33108e-06
3695,2.35697e-06
3696,2.23889e-06
3697,2.21332e-06
3698,2.17013e-06
3699,2.21284e-06
3700,2.41662e-06
3701,2.21411e-06
3702,2.26959e-06
3703,2.30971e-06
3704,2.12499e-06
3705,2.21779e-06
3706,2.20907e-06
3707,2.19162e-06
3708,2.27310e-06
3709,2.38245e-06
3710,2.29029e-06
3711,2.30188e-06
3712,2.25781e-06
3713,2.34263e-06
3714,2.23964e-06
3715,2.19843e-06
3716,2.35010e-06
3717,2.10255e-06
3718,2.16830e-06
3719,2.14038e-06
3720,2.19149e-06
3721,2.12291e-06
3722,2.20937e-06
3723,2.24975e-06
3724,2.11249e-06
3725,2.21696e-06
3726,2.13575e-06
3727,2.28876e-06
3728,2.16662e-06
3729,2.22920e-06
3730,2.21685e-06
3731,2.30029e-06
3732,2.29548e-06
3733,2.21089e-06
3734,2.26626e-06
3735,2.25330e-06
3736,2.27461e-06
3737,2.11204e-06
3738,2.15264e-06
3739,2.15159e-06
3740,2.32560e-06
3741,2.21460e-06
3742,2.17340e-06
3743,2.19829e-06
3744,2.21498e-06
3745,2.24488e-06
3746,2.26551e-06
3747,2.28928e-06
3748,2.30955e-06
3749,2.29955e-06
3750,2.29497e-06
3751,2.37522e-06
3752,2.21636e-06
3753,2.23877e-06
3754,2.22970e-06
3755,2.39923e-06
3756,2.33807e-06
3757,2.31126e-06
3758,2.36914e-06
3759,2.38961e-06
3760,2.21157e-06
3761,2.27533e-06
3762,2.28086e-06
3763,2.17714e-06
3764,2.20631e-06
3765,2.29188e-06
3766,2.31966e-06
3767,2.30008e-06
3768,2.26708e-06
3769,2.36292e-06
3770,2.30067e-06
3771,2.29540e-06
3772,2.26626e-06
3773,2.37916e-06
3774,2.13628e-06
3775,2.28544e-06
3776,2.13833e-06
3777,2.27747e-06
3778,2.28769e-06
3779,2.32615e-06
3780,2.27240e-06
3781,2.32451e-06
3782,2.37798e-06
3783,2.38589e-06
3784,2.33499e-06
3785,2.36524e-06
3786,2.30397e-06
3787,2.26167e-06
3788,2.24558e-06
3789,2.24501e-06
3790,2.19908e-06
3791,2.45232e-06
3792,2.34284e-06
3793,2.36391e-06
3794,2.23038e-06
3795,2.32557e-06
3796,2.26965e-06
3797,2.19741e-06
3798,2.28410e-06
3799,2.23210e-06
3800,2.21453e-06
3801,2.28358e-06
3802,2.23625e-06
3803,2.21679e-06
3804,2.25306e-06
3805,2.40814e-06
3806,2.33389e-06
3807,2.26565e-06
3808,2.30372e-06
3809,2.34565e-06
3810,2.33850e-06
3811,2.29747e-06
3812,2.31878e-06
3813,2.25886e-06
3814,2.26159e-06
3815,2.45864e-06
3816,2.27031e-06
3817,2.33101e-06
3818,2.31194e-06
3819,2.33290e-06
3820,2.36246e-06
3821,2.36931e-06
3822,2.28573e-06
3823,2.41488e-06
3824,2.38726e-06
3825,2.25595e-06
3826,2.27579e-06
3827,2.25653e-06
3828,2.54191e-06
3829,2.27216e-06
3830,2.33597e-06
3831,2.34767e-06
3832,2.43702e-06
3833,2.28179e-06
3834,2.24795e-06
3835,2.42362e-06
3836,2.27775e-06
3837,2.40071e-06
3838,2.24403e-06
3839,2.26820e-06
3840,2.26144e-06
3841,2.15760e-06
3842,2.45293e-06
3843,2.40342e-06
3844,2.40711e-06
3845,2.18235e-06
3846,2.17576e-06
3847,2.44937e-06
3848,2.38824e-06
3849,2.37009e-06
3850,2.26350e-06
3851,2.34925e-06
3852,2.32706e-06
3853,2.34940e-06
3854,2.46827e-06
3855,2.29718e-06
3856,2.30538e-06
3857,2.24937e-06
3858,2.33595e-06
3859,2.34454e-06
3860,2.27860e-06
3861,2.29571e-06
3862,2.16618e-06
3863,2.33839e-06
3864,2.34784e-06
3865,2.35559e-06
3866,2.26705e-06
3867,2.24053e-06
3868,2.29303e-06
3869,2.33921e-06
3870,2.40263e-06
3871,2.32132e-06
3872,2.32552e-06
3873,2.30433e-06
3874,2.24607e-06
3875,2.36312e-06
3876,2.40755e-06
3877,2.30421e-06
3878,2.22531e-06
3879,2.32307e-06
3880,2.32051e-06
3881,2.32495e-06
3882,2.35213e-06
3883,2.26397e-06
3884,2.27616e-06
3885,2.19828e-06
3886,2.11153e-06
3887,2.26613e-06
3888,2.28598e-06
3889,2.36484e-06
3890,2.06889e-06
3891,2.30947e-06
3892,2.45717e-06
3893,2.32007e-06
3894,2.39692e-06
3895,2.32729e-06
3896,2.41676e-06
3897,2.33423e-06
3898,2.25820e-06
3899,2.35545e-06
3900,2.36448e-06
3901,2.38276e-06
3902,2.26892e-06
3903,2.34128e-06
3904,2.35987e-06
3905,2.25320e-06
3906,2.32505e-06
3907,2.34727e-06
3908,2.42662e-06
3909,2.53757e-06
3910,2.36862e-06
3911,2.25136e-06
3912,2.28450e-06
3913,2.36401e-06
3914,2.34425e-06
3915,2.27441e-06
3916,2.20867e-06
3917,2.42468e-06
3918,2.22464e-06
3919,2.28750e-06
3920,2.29886e-06
3921,2.40995e-06
3922,2.29129e-06
3923,2.28541e-06
3924,2.24387e-06
3925,2.31936e-06
3926,2.29182e-06
3927,2.23042e-06
3928,2.32604e-06
3929,2.15594e-06
3930,2.38671e-06
3931,2.27760e-06
3932,2.13896e-06
3933,2.35377e-06
3934,2.29414e-06
3935,2.35876e-06
3936,2.30057e-06
3937,2.26827e-06
3938,2.24090e-06
3939,2.12759e-06
3940,2.30569e-06
3941,2.21047e-06
3942,2.25666e-06
3943,2.31788e-06
3944,2.30921e-06
3945,2.21981e-06
3946,2.30996e-06
3947,2.20534e-06
3948,2.34571e-06
3949,2.09966e-06
3950,2.17033e-06
3951,2.28891e-06
3952,2.17085e-06
3953,2.28228e-06
3954,2.32000e-06
3955,2.30308e-06
3956,2.38785e-06
3957,2.33328e-06
3958,2.21398e-06
3959,2.12532e-06
3960,2.14171e-06
3961,2.18574e-06
3962,2.27471e-06
3963,2.25211e-06
3964,2.22534e-06
3965,2.12384e-06
3966,2.13695e-06
3967,2.39838e-06
3968,2.46825e-06
3969,2.25222e-06
3970,2.35918e-06
3971,2.31516e-06
3972,2.30554e-06
3973,2.11700e-06
3974,2.20377e-06
3975,2.32738e-06
3976,2.30698e-06
3977,2.30114e-06
3978,2.32636e-06
3979,2.19023e-06
3980,2.14378e-06
3981,2.38322e-06
3982,2.27183e-06
3983,2.22646e-06
3984,2.27275e-06
3985,2.41768e-06
3986,2.26025e-06
3987,2.22611e-06
3988,2.25016e-06
3989,2.15239e-06
3990,2.16186e-06
3991,2.24813e-06
3992,2.24139e-06
3993,2.32988e-06
3994,2.32698e-06
3995,2.27199e-06
3996,2.31793e-06
3997,2.24749e-06
3998,2.19926e-06
3999,2.08781e-06
4000,2.24065e-06
4001,2.29185e-06
4002,2.21185e-06
4003,2.09458e-06
4004,2.24217e-06
4005,2.22494e-06
4006,2.30598e-06
4007,2.28608e-06
4008,2.25680e-06
4009,2.12953e-06
4010,2.23390e-06
4011,2.38670e-06
4012,2.36310e-06
4013,2.37736e-06
4014,2.28873e-06
4015,2.26563e-06
4016,2.31174e-06
4017,2.28077e-06
4018,2.26831e-06
4019,2.31484e-06
4020,2.36255e-06
4021,2.32175e-06
4022,2.20925e-06
4023,2.35271e-06
4024,2.27965e-06
4025,2.28832e-06
4026,2.38200e-06
4027,2.27935e-06
4028,2.26373e-06
4029,2.28429e-06
4030,2.33189e-06
4031,2.46130e-06
4032,2.37856e-06
4033,2.31643e-06
4034,2.33809e-06
4035,2.26544e-06
4036,2.29577e-06
4037,2.31350e-06
4038,2.37210e-06
4039,2.36828e-06
4040,2.24180e-06
4041,2.25539e-06
4042,2.30551e-06
4043,2.28044e-06
4044,2.34787e-06
4045,2.35071e-06
4046,2.33700e-06
4047,2.29668e-06
4048,2.31009e-06
4049,2.30046e-06
4050,2.27284e-06
4051,2.27941e-06
4052,2.17809e-06
4053,2.31645e-06
4054,2.23059e-06
4055,2.31979e-06
4056,2.30978e-06
4057,2.27861e-06
4058,2.25252e-06
4059,2.34314e-06
4060,2.20961e-06
4061,2.30148e-06
4062,2.36836e-06
4063,2.19227e-06
4064,2.34825e-06
4065,2.37382e-06
4066,2.18769e-06
4067,2.32831e-06
4068,2.06356e-06
4069,2.21032e-06
4070,2.38191e-06
4071,2.35872e-06
4072,2.39961e-06
4073,2.31283e-06
4074,2.33246e-06
4075,2.30014e-06
4076,2.23444e-06
4077,2.27630e-06
4078,2.24221e-06
4079,2.28452e-06
4080,2.33304e-06
4081,2.32524e-06
4082,2.30253e-06
4083,2.31114e-06
4084,2.34931e-06
4085,2.42502e-06
4086,2.27201e-06
4087,2.38154e-06
4088,2.40054e-06
4089,2.23013e-06
4090,2.26430e-06
4091,2.27891e-06
4092,2.28989e-06
4093,2.35549e-06
4094,2.27830e-06
4095,2.27690e-06
4096,2.40902e-06
4097,2.29828e-06
4098,2.23835e-06
4099,2.41805e-06
4100,2.29689e-06
4101,2.27568e-06
4102,2.20969e-06
4103,2.31833e-06
4104,2.27693e-06
4105,2.16336e-06
4106,2.31302e-06
4107,2.30098e-06
4108,2.33036e-06
4109,2.34929e-06
4110,2.29327e-06
4111,2.14819e-06
4112,2.29451e-06
4113,2.42307e-06
4114,2.25790e-06
4115,2.34286e-06
4116,2.29756e-06
4117,2.31209e-06
4118,2.38149e-06
4119,2.26693e-06
4120,2.31900e-06
4121,2.35581e-06
4122,2.22384e-06
4123,2.22521e-06
4124,2.25419e-06
4125,2.36733e-06
4126,2.34494e-06
4127,2.33235e-06
4128,2.22747e-06
4129,2.32811e-06
4130,2.33599e-06
4131,2.38906e-06
4132,2.30115e-06
4133,2.42410e-06
4134,2.26117e-06
4135,2.31857e-06
4136,2.37984e-06
4137,2.35445e-06
4138,2.35308e-06
4139,2.31337e-06
4140,2.24435e-06
4141,2.44702e-06
4142,2.30404e-06
4143,2.33515e-06
4144,2.30339e-06
4145,2.40555e-06
4146,2.38514e-06
4147,2.34630e-06
4148,2.40849e-06
4149,2.46360e-06
4150,2.31346e-06
4151,2.35190e-06
4152,2.39055e-06
4153,2.42370e-06
4154,2.38466e-06
4155,2.42371e-06
4156,2.30287e-06
4157,2.44191e-06
4158,2.41420e-06
4159,2.38789e-06
4160,2.13837e-06
4161,2.43630e-06
4162,2.40065e-06
4163,2.33388e-06
4164,2.32285e-06
4165,2.37631e-06
4166,2.26405e-06
4167,2.34891e-06
4168,2.33083e-06
4169,2.26735e-06
4170,2.33909e-06
4171,2.43782e-06
4172,2.22790e-06
4173,2.37792e-06
4174,2.30658e-06
4175,2.44309e-06
4176,2.49173e-06
4177,2.31582e-06
4178,2.26644e-06
4179,2.34777e-06
4180,2.29191e-06
4181,2.29281e-06
4182,2.31653e-06
4183,2.30183e-06
4184,2.31540e-06
4185,2.27865e-06
4186,2.35974e-06
4187,2.43047e-06
4188,2.36697e-06
4189,2.25380e-06
4190,2.36436e-06
4191,2.25362e-06
4192,2.17890e-06
4193,2.37404e-06
4194,2.36443e-06
4195,2.32982e-06
4196,2.27656e-06
4197,2.48439e-06
4198,2.32177e-06
4199,2.21218e-06
4200,2.38253e-06
4201,2.42579e-06
4202,2.35283e-06
4203,2.30210e-06
4204,2.44406e-06
4205,2.30215e-06
4206,2.31895e-06
4207,2.34958e-06
4208,2.36676e-06
4209,2.33366e-06
4210,2.28309e-06
4211,2.25199e-06
4212,2.32249e-06
4213,2.32124e-06
4214,2.36124e-06
4215,2.35057e-06
4216,2.30293e-06
4217,2.20768e-06
4218,2.36456e-06
4219,2.47772e-06
4220,2.52148e-06
4221,2.41176e-06
4222,2.37371e-06
4223,2.34528e-06
4224,2.29045e-06
4225,2.40062e-06
4226,2.37038e-06
4227,2.36740e-06
4228,2.29304e-06
4229,2.37551e-06
4230,2.37053e-06
4231,2.40455e-06
4232,2.31093e-06
4233,2.24332e-06
4234,2.26777e-06
4235,2.28081e-06
4236,2.41456e-06
4237,2.25613e-06
4238,2.43254e-06
4239,2.42240e-06
4240,2.42924e-06
4241,2.32319e-06
4242,2.32211e-06
4243,2.36050e-06
4244,2.34589e-06
4245,2.34860e-06
4246,2.22794e-06
4247,2.34751e-06
4248,2.37663e-06
4249,2.19414e-06
4250,2.20858e-06
4251,2.26319e-06
4252,2.23474e-06
4253,2.17620e-06
4254,2.34590e-06
4255,2.36347e-06
4256,2.28741e-06
4257,2.31864e-06
4258,2.21507e-06
4259,2.44435e-06
4260,2.30459e-06
4261,2.22515e-06
4262,2.19764e-06
4263,2.25430e-06
4264,2.34976e-06
4265,2.25148e-06
4266,2.30999e-06
4267,2.35603e-06
4268,2.17826e-06
4269,2.19076e-06
4270,2.31219e-06
4271,2.36366e-06
4272,2.28522e-06
4273,2.20160e-06
4274,2.18468e-06
4275,2.32286e-06
4276,2.23018e-06
4277,2.40964e-06
4278,2.29496e-06
4279,2.22951e-06
4280,2.41077e-06
4281,2.37216e-06
4282,2.34864e-06
4283,2.34355e-06
4284,2.28594e-06
4285,2.13599e-06
4286,2.10969e-06
4287,2.05308e-06
4288,2.27833e-06
4289,2.19560e-06
4290,2.25914e-06
4291,2.27704e-06
4292,2.34865e-06
4293,2.23766e-06
4294,2.35072e-06
4295,2.24883e-06
4296,2.36731e-06
4297,2.25276e-06
4298,2.21672e-06
4299,2.16567e-06
4300,2.19739e-06
4301,2.16921e-06
4302,2.15639e-06
4303,2.28253e-06
4304,2.26016e-06
4305,2.10998e-06
4306,2.16058e-06
4307,2.18425e-06
4308,2.38923e-06
4309,2.17402e-06
4310,2.42498e-06
4311,2.15107e-06
4312,2.39008e-06
4313,2.26081e-06
4314,2.39066e-06
4315,2.25321e-06
4316,2.29114e-06
4317,2.27118e-06
4318,2.28151e-06
4319,2.21780e-06
4320,2.27293e-06
4321,2.10474e-06
4322,2.33394e-06
4323,2.09783e-06
4324,2.28361e-06
4325,2.18581e-06
4326,2.26908e-06
4327,2.16930e-06
4328,2.33651e-06
4329,2.11340e-06
4330,2.21780e-06
4331,2.32270e-06
4332,2.18958e-06
4333,2.28704e-06
4334,2.20554e-06
4335,2.32623e-06
4336,2.26140e-06
4337,2.22573e-06
4338,2.32935e-06
4339,2.37140e-06
4340,2.17165e-06
4341,2.12853e-06
4342,2.34182e-06
4343,2.29903e-06
4344,2.23411e-06
4345,2.13729e-06
4346,2.19619e-06
4347,2.30932e-06
4348,2.09164e-06
4349,2.18908e-06
4350,2.28730e-06
4351,2.28321e-06
4352,2.18899e-06
4353,2.14686e-06
4354,2.29741e-06
4355,2.38989e-06
4356,2.36609e-06
4357,2.28682e-06
4358,2.28149e-06
4359,2.26679e-06
4360,2.32114e-06
4361,2.26276e-06
4362,2.23374e-06
4363,2.45478e-06
4364,2.28745e-06
4365,2.13590e-06
4366,2.36609e-06
4367,2.24647e-06
4368,2.20027e-06
4369,2.34260e-06
4370,2.19692e-06
4371,2.21406e-06
4372,2.19749e-06
4373,2.28742e-06
4374,2.37754e-06
4375,2.26984e-06
4376,2.41532e-06
4377,2.29813e-06
4378,2.16077e-06
4379,2.14373e-06
4380,2.34530e-06
4381,2.19211e-06
4382,2.38977e-06
4383,2.13168e-06
4384,2.12366e-06
4385,2.14629e-06
4386,2.22617e-06
4387,2.16013e-06
4388,2.25081e-06
4389,2.38880e-06
4390,2.33269e-06
4391,2.20214e-06
4392,2.22362e-06
4393,2.25974e-06
4394,2.38858e-06
4395,2.40437e-06
4396,2.23791e-06
4397,2.25742e-06
4398,2.31973e-06
4399,2.22261e-06
4400,2.19506e-06
4401,2.27239e-06
4402,2.29642e-06
4403,2.34900e-06
4404,2.38588e-06
4405,2.31581e-06
4406,2.35789e-06
4407,2.41849e-06
4408,2.27020e-06
4409,2.21361e-06
4410,2.33526e-06
4411,2.41771e-06
4412,2.32106e-06
4413,2.33133e-06
4414,2.28112e-06
4415,2.30758e-06
4416,2.46267e-06
4417,2.36785e-06
4418,2.39042e-06
4419,2.34599e-06
4420,2.25599e-06
4421,2.41224e-06
4422,2.29273e-06
4423,2.32117e-06
4424,2.36480e-06
4425,2.43877e-06
4426,2.37862e-06
4427,2.31316e-06
4428,2.20383e-06
4429,2.35904e-06
4430,2.31050e-06
4431,2.40222e-06
4432,2.34254e-06
4433,2.41730e-06
4434,2.49497e-06
4435,2.47487e-06
4436,2.39419e-06
4437,2.26088e-06
4438,2.36957e-06
4439,2.35072e-06
4440,2.46155e-06
4441,2.47289e-06
4442,2.38154e-06
4443,2.49147e-06
4444,2.42541e-06
4445,2.37600e-06
4446,2.49836e-06
4447,2.37649e-06
4448,2.59925e-06
4449,2.28040e-06
4450,2.39084e-06
4451,2.42248e-06
4452,2.43541e-06
4453,2.26646e-06
4454,2.33837e-06
4455,2.49604e-06
4456,2.48163e-06
4457,2.50956e-06
4458,2.35849e-06
4459,2.35738e-06
4460,2.31771e-06
4461,2.26544e-06
4462,2.36501e-06
4463,2.16380e-06
4464,2.32867e-06
4465,2.30256e-06
4466,2.42436e-06
4467,2.41559e-06
4468,2.46588e-06
4469,2.39053e-06
4470,2.50344e-06
4471,2.37981e-06
4472,2.34427e-06
4473,2.38888e-06
4474,2.36844e-06
4475,2.50788e-06
4476,2.39969e-06
4477,2.32346e-06
4478,2.43797e-06
4479,2.30378e-06
4480,2.37567e-06
4481,2.34212e-06
4482,2.28792e-06
4483,2.38366e-06
4484,2.38522e-06
4485,2.42800e-06
4486,2.31510e-06
4487,2.42485e-06
4488,2.37267e-06
4489,2.30488e-06
4490,2.46369e-06
4491,2.27684e-06
4492,2.41354e-06
4493,2.37749e-06
4494,2.38125e-06
4495,2.28890e-06
4496,2.41512e-06
4497,2.30606e-06
4498,2.28116e-06
4499,2.30717e-06
4500,2.39780e-06
4501,2.43532e-06
4502,2.28659e-06
4503,2.38878e-06
4504,2.25295e-06
4505,2.27394e-06
4506,2.23817e-06
4507,2.35221e-06
4508,2.35349e-06
4509,2.35303e-06
4510,2.33960e-06
4511,2.22060e-06
4512,2.38287e-06
4513,2.31777e-06
4514,2.28289e-06
4515,2.25209e-06
4516,2.40236e-06
4517,2.35927e-06
4518,2.32693e-06
4519,2.26794e-06
4520,2.20584e-06
4521,2.43843e-06
4522,2.36889e-06
4523,2.37787e-06
4524,2.19656e-06
4525,2.24533e-06
4526,2.35167e-06
4527,2.23556e-06
4528,2.28537e-06
4529,2.25670e-06
4530,2.36698e-06
4531,2.30770e-06
4532,2.26636e-06
4533,2.21081e-06
4534,2.21973e-06
4535,2.26633e-06
4536,2.25009e-06
4537,2.32105e-06
4538,2.27163e-06
4539,2.30854e-06
4540,2.26663e-06
4541,2.30436e-06
4542,2.36490e-06
4543,2.27645e-06
4544,2.29864e-06
4545,2.22608e-06
4546,2.28199e-06
4547,2.29323e-06
4548,2.31204e-06
4549,2.30167e-06
4550,2.24860e-06
4551,2.38005e-06
4552,2.31379e-06
4553,2.27961e-06
4554,2.26695e-06
4555,2.39186e-06
4556,2.33667e-06
4557,2.38512e-06
4558,2.31727e-06
4559,2.38809e-06
4560,2.29638e-06
4561,2.23902e-06
4562,2.42987e-06
4563,2.39056e-06
4564,2.35686e-06
4565,2.49350e-06
4566,2.50361e-06
4567,2.44307e-06
4568,2.45694e-06
4569,2.48607e-06
4570,2.36618e-06
4571,2.35810e-06
4572,2.24676e-06
4573,2.37869e-06
4574,2.44036e-06
4575,2.48534e-06
4576,2.42558e-06
4577,2.36724e-06
4578,2.41167e-06
4579,2.42255e-06
4580,2.42503e-06
4581,2.39875e-06
4582,2.47939e-06
4583,2.42465e-06
4584,2.41060e-06
4585,2.22122e-06
4586,2.31667e-06
4587,2.36452e-06
4588,2.31296e-06
4589,2.28970e-06
4590,2.37756e-06
4591,2.49082e-06
4592,2.31266e-06
4593,2.30985e-06
4594,2.21434e-06
4595,2.22066e-06
4596,2.19952e-06
4597,2.28674e-06
4598,2.17525e-06
4599,2.31684e-06
4600,2.31692e-06
4601,2.37220e-06
4602,2.32255e-06
4603,2.27277e-06
4604,2.33097e-06
4605,2.28477e-06
4606,2.28387e-06
4607,2.26145e-06
4608,2.35037e-06
4609,2.34794e-06
4610,2.43560e-06
4611,2.32124e-06
4612,2.33649e-06
4613,2.38463e-06
4614,2.34921e-06
4615,2.37146e-06
4616,2.24466e-06
4617,2.31864e-06
4618,2.19831e-06
4619,2.37792e-06
4620,2.46287e-06
4621,2.39132e-06
4622,2.43443e-06
4623,2.36196e-06
4624,2.28037e-06
4625,2.27157e-06
4626,2.17090e-06
4627,2.41325e-06
4628,2.36521e-06
4629,2.32621e-06
4630,2.39669e-06
4631,2.34178e-06
4632,2.25189e-06
4633,2.28515e-06
4634,2.35356e-06
4635,2.27627e-06
4636,2.29546e-06
4637,2.24183e-06
4638,2.37663e-06
4639,2.34713e-06
4640,2.30044e-06
4641,2.33765e-06
4642,2.36243e-06
4643,2.24482e-06
4644,2.48295e-06
4645,2.42337e-06
4646,2.36339e-06
4647,2.30369e-06
4648,2.22440e-06
4649,2.33828e-06
4650,2.25551e-06
4651,2.36385e-06
4652,2.31628e-06
4653,2.39026e-06
4654,2.35859e-06
4655,2.42073e-06
4656,2.37001e-06
4657,2.27379e-06
4658,2.29043e-06
4659,2.45309e-06
4660,2.38519e-06
4661,2.27030e-06
4662,2.33597e-06
4663,2.31528e-06
4664,2.41992e-06
4665,2.36770e-06
4666,2.46783e-06
4667,2.34732e-06
4668,2.23821e-06
4669,2.24429e-06
4670,2.26974e-06
4671,2.21894e-06
4672,2.35090e-06
4673,2.24329e-06
4674,2.32165e-06
4675,2.28477e-06
4676,2.29334e-06
4677,2.48696e-06
4678,2.31717e-06
4679,2.39349e-06
4680,2.28586e-06
4681,2.31660e-06
4682,2.32484e-06
4683,2.46264e-06
4684,2.19586e-06
4685,2.27750e-06
4686,2.39075e-06
4687,2.34289e-06
4688,2.33011e-06
4689,2.46773e-06
4690,2.36631e-06
4691,2.36577e-06
4692,2.28366e-06
4693,2.36284e-06
4694,2.33283e-06
4695,2.26620e-06
4696,2.24301e-06
4697,2.42971e-06
4698,2.38896e-06
4699,2.44979e-06
4700,2.30016e-06
4701,2.36572e-06
4702,2.38446e-06
4703,2.36758e-06
4704,2.32336e-06
4705,2.23577e-06
4706,2.41329e-06
4707,2.39967e-06
4708,2.41380e-06
4709,2.39135e-06
4710,2.35754e-06
4711,2.29665e-06
4712,2.28575e-06
4713,2.31261e-06
4714,2.46394e-06
4715,2.42545e-06
4716,2.41070e-06
4717,2.31474e-06
4718,2.31280e-06
4719,2.36503e-06
4720,2.25498e-06
4721,2.26312e-06
4722,2.29380e-06
4723,2.24294e-06
4724,2.42874e-06
4725,2.29121e-06
4726,2.25958e-06
4727,2.20682e-06
4728,2.31836e-06
4729,2.30567e-06
4730,2.36675e-06
4731,2.46752e-06
4732,2.29792e-06
4733,2.30185e-06
4734,2.28774e-06
4735,2.38925e-06
4736,2.34803e-06
4737,2.27986e-06
4738,2.39168e-06
4739,2.44555e-06
4740,2.20097e-06
4741,2.22499e-06
4742,2.40197e-06
4743,2.31015e-06
4744,2.33072e-06
4745,2.32205e-06
4746,2.22778e-06
4747,2.28399e-06
4748,2.27536e-06
4749,2.31812e-06
4750,2.27706e-06
4751,2.33053e-06
4752,2.38243e-06
4753,2.30332e-06
4754,2.38801e-06
4755,2.22897e-06
4756,2.36548e-06
4757,2.30479e-06
4758,2.31719e-06
4759,2.40150e-06
4760,2.32573e-06
4761,2.14743e-06
4762,2.26761e-06
4763,2.26720e-06
4764,2.35038e-06
4765,2.32163e-06
4766,2.36389e-06
4767,2.43769e-06
4768,2.21616e-06
4769,2.44255e-06
4770,2.43164e-06
4771,2.33069e-06
4772,2.37616e-06
4773,2.28957e-06
4774,2.34119e-06
4775,2.29423e-06
4776,2.29817e-06
4777,2.30193e-06
4778,2.35532e-06
4779,2.37710e-06
4780,2.30577e-06
4781,2.21110e-06
4782,2.30439e-06
4783,2.28149e-06
4784,2.38184e-06
4785,2.38504e-06
4786,2.21627e-06
4787,2.32407e-06
4788,2.38245e-06
4789,2.33514e-06
4790,2.32487e-06
4791,2.30370e-06
4792,2.36648e-06
4793,2.36690e-06
4794,2.43345e-06
4795,2.49190e-06
4796,2.33192e-06
4797,2.31358e-06
4798,2.33142e-06
4799,2.46814e-06
4800,2.36490e-06
4801,2.32010e-06
4802,2.38654e-06
4803,2.47488e-06
4804,2.40062e-06
4805,2.50515e-06
4806,2.29006e-06
4807,2.35796e-06
4808,2.28180e-06
4809,2.32119e-06
4810,2.30970e-06
4811,2.35270e-06
4812,2.36053e-06
4813,2.26477e-06
4814,2.18077e-06
4815,2.21917e-06
4816,2.29007e-06
4817,2.32931e-06
4818,2.20054e-06
4819,2.23062e-06
4820,2.28090e-06
4821,2.37723e-06
4822,2.22716e-06
4823,2.29142e-06
4824,2.29740e-06
4825,2.21516e-06
4826,2.31569e-06
4827,2.33726e-06
4828,2.29551e-06
4829,2.36170e-06
4830,2.30164e-06
4831,2.30460e-06
4832,2.25397e-06
4833,2.38308e-06
4834,2.38951e-06
4835,2.25095e-06
4836,2.29306e-06
4837,2.25774e-06
4838,2.13097e-06
4839,2.32377e-06
4840,2.20912e-06
4841,2.29533e-06
4842,2.26847e-06
4843,2.27004e-06
4844,2.07924e-06
4845,2.18720e-06
4846,2.34649e-06
4847,2.22035e-06
4848,2.02696e-06
4849,2.14495e-06
4850,2.27940e-06
4851,2.31625e-06
4852,2.29637e-06
4853,2.19510e-06
4854,2.22518e-06
4855,2.21872e-06
4856,2.28415e-06
4857,2.23989e-06
4858,2.26685e-06
4859,2.22841e-06
4860,2.19461e-06
4861,2.25401e-06
4862,2.25853e-06
4863,2.24430e-06
4864,2.22382e-06
4865,2.29568e-06
4866,2.20667e-06
4867,2.21385e-06
4868,2.32014e-06
4869,2.27832e-06
4870,2.21136e-06
4871,2.22804e-06
4872,2.34130e-06
4873,2.19656e-06
4874,2.28705e-06
4875,2.35751e-06
4876,2.34104e-06
4877,2.33195e-06
4878,2.12046e-06
4879,2.12739e-06
4880,2.28718e-06
4881,2.36497e-06
4882,2.20876e-06
4883,2.14135e-06
4884,2.12415e-06
4885,2.21865e-06
4886,2.22501e-06
4887,2.11291e-06
4888,2.22575e-06
4889,2.14470e-06
4890,2.28012e-06
4891,2.22990e-06
4892,2.20612e-06
4893,2.22278e-06
4894,2.26651e-06
4895,2.16243e-06
4896,2.22941e-06
4897,2.17249e-06
4898,2.11441e-06
4899,2.21619e-06
4900,2.06237e-06
4901,2.12584e-06
4902,2.26326e-06
4903,2.24346e-06
4904,2.24047e-06
4905,2.28056e-06
4906,2.40855e-06
4907,2.24727e-06
4908,2.39348e-06
4909,2.24915e-06
4910,2.29954e-06
4911,2.26328e-06
4912,2.41309e-06
4913,2.29488e-06
4914,2.29465e-06
4915,2.23243e-06
4916,2.35594e-06
4917,2.41809e-06
4918,2.37965e-06
4919,2.47364e-06
4920,2.35799e-06
4921,2.20772e-06
4922,2.26772e-06
4923,2.33367e-06
4924,2.33901e-06
4925,2.23632e-06
4926,2.25588e-06
4927,2.24477e-06
4928,2.33535e-06
4929,2.08562e-06
4930,2.30595e-06
4931,2.14944e-06
4932,2.22388e-06
4933,2.30759e-06
4934,2.25148e-06
4935,2.33451e-06
4936,2.23980e-06
4937,2.16115e-06
4938,2.22116e-06
4939,2.18152e-06
4940,2.26740e-06
4941,2.35980e-06
4942,2.31242e-06
4943,2.24428e-06
4944,2.05208e-06
4945,2.14256e-06
4946,2.14746e-06
4947,2.16331e-06
4948,2.17057e-06
4949,2.09045e-06
4950,2.32908e-06
4951,2.33679e-06
4952,2.38941e-06
4953,2.22253e-06
4954,2.12982e-06
4955,2.25471e-06
4956,2.16203e-06
4957,2.04743e-06
4958,2.38980e-06
4959,2.29913e-06
4960,2.35402e-06
4961,2.24079e-06
4962,2.18403e-06
4963,2.06472e-06
4964,2.23382e-06
4965,2.40117e-06
4966,2.36175e-06
4967,2.30083e-06
4968,2.37768e-06
4969,2.35350e-06
4970,2.29988e-06
4971,2.02150e-06
4972,2.19274e-06
4973,2.26644e-06
4974,2.22532e-06
4975,2.28291e-06
4976,2.23715e-06
4977,2.17477e-06
4978,2.13635e-06
4979,2.26477e-06
4980,2.09658e-06
4981,2.23341e-06
4982,2.27667e-06
4983,2.13404e-06
4984,2.16328e-06
4985,2.25135e-06
4986,2.23188e-06
4987,2.21662e-06
4988,2.24007e-06
4989,2.21529e-06
4990,2.18036e-06
4991,2.01870e-06
4992,2.14939e-06
4993,2.14923e-06
4994,2.18406e-06
4995,2.15666e-06
4996,2.18385e-06
4997,2.16351e-06
4998,2.32124e-06
4999,2.25071e-06
5000,2.14836e-06
