1,-1.05762e-06
2,-9.24899e-07
3,-6.56916e-07
4,-8.02681e-07
5,-7.98939e-07
6,-7.95719e-07
7,-7.90991e-07
8,-7.23342e-07
9,-6.90787e-07
10,-6.97315e-07
11,-6.44195e-07
12,-7.72594e-07
13,-5.98766e-07
14,-6.25621e-07
15,-7.04506e-07
16,-5.06691e-07
17,-5.83907e-07
18,-5.62247e-07
19,-6.96493e-07
20,-5.61013e-07
21,-6.40501e-07
22,-5.29219e-07
23,-4.79251e-07
24,-3.62979e-07
25,-3.20859e-07
26,-6.02570e-07
27,-3.53065e-07
28,-2.45071e-07
29,-3.04648e-07
30,-2.42181e-07
31,-3.44958e-07
32,-3.31944e-07
33,-1.33657e-07
34,-9.98645e-08
35,-2.20432e-07
36,-7.74124e-08
37,-2.00559e-07
38,-1.48688e-07
39,-6.51541e-08
40,-9.23429e-08
41,-1.65186e-08
42,5.91090e-08
43,1.79061e-07
44,1.35308e-07
45,9.01226e-08
46,3.68774e-08
47,2.08996e-07
48,-2.14568e-09
49,2.00038e-07
50,2.32822e-07
51,1.70534e-07
52,2.60865e-07
53,1.56933e-07
54,1.13375e-07
55,2.63222e-07
56,3.15469e-07
57,3.14718e-07
58,1.03296e-07
59,1.75818e-07
60,2.27523e-07
61,2.72329e-07
62,2.35216e-07
63,2.12057e-07
64,2.57759e-07
65,5.16720e-07
66,3.11092e-07
67,3.04729e-07
68,3.05807e-07
69,4.53747e-07
70,3.50141e-07
71,4.55099e-07
72,3.42538e-07
73,4.24463e-07
74,5.14471e-07
75,4.69559e-07
76,4.46446e-07
77,4.79301e-07
78,3.50117e-07
79,4.94426e-07
80,4.82281e-07
81,5.16991e-07
82,3.84266e-07
83,4.89500e-07
84,6.09544e-07
85,6.64029e-07
86,3.80960e-07
87,5.84408e-07
88,5.45652e-07
89,4.93068e-07
90,6.08160e-07
91,5.86312e-07
92,6.75346e-07
93,7.00139e-07
94,6.02907e-07
95,6.83978e-07
96,6.35824e-07
97,5.94771e-07
98,5.76204e-07
99,7.24366e-07
100,6.11752e-07
101,7.58423e-07
102,7.17340e-07
103,7.37357e-07
104,7.57420e-07
105,9.18851e-07
106,7.38540e-07
107,7.19713e-07
108,8.44141e-07
109,6.21977e-07
110,8.35443e-07
111,7.39532e-07
112,7.60320e-07
113,8.32919e-07
114,9.21509e-07
115,8.77286e-07
116,8.94423e-07
117,8.88195e-07
118,9.49485e-07
119,9.79981e-07
120,9.05798e-07
121,1.02611e-06
122,1.09141e-06
123,8.52508e-07
124,1.02435e-06
125,1.00551e-06
126,1.10582e-06
127,1.09733e-06
128,9.69258e-07
129,1.09146e-06
130,1.14495e-06
131,1.04557e-06
132,1.03179e-06
133,1.10080e-06
134,1.07198e-06
135,1.14163e-06
136,1.14362e-06
137,8.58665e-07
138,1.17749e-06
139,1.04561e-06
140,1.15276e-06
141,1.03425e-06
142,1.18788e-06
143,1.28169e-06
144,1.19426e-06
145,1.11739e-06
146,1.13477e-06
147,1.15188e-06
148,1.05383e-06
149,1.07573e-06
150,1.12760e-06
151,1.30682e-06
152,1.23163e-06
153,1.27468e-06
154,1.20210e-06
155,1.28045e-06
156,1.31698e-06
157,1.41033e-06
158,1.32144e-06
159,1.14473e-06
160,1.19361e-06
161,1.07625e-06
162,1.24132e-06
163,1.22725e-06
164,1.22644e-06
165,1.21317e-06
166,1.19348e-06
167,1.20907e-06
168,1.28843e-06
169,1.42897e-06
170,1.21139e-06
171,1.28299e-06
172,1.38367e-06
173,1.27274e-06
174,1.39660e-06
175,1.35003e-06
176,1.48190e-06
177,1.36632e-06
178,1.36013e-06
179,1.36536e-06
180,1.42762e-06
181,1.33468e-06
182,1.27812e-06
183,1.40589e-06
184,1.37161e-06
185,1.33726e-06
186,1.45100e-06
187,1.38935e-06
188,1.36629e-06
189,1.34148e-06
190,1.44445e-06
191,1.39955e-06
192,1.59056e-06
193,1.61688e-06
194,1.41333e-06
195,1.39106e-06
196,1.29910e-06
197,1.50554e-06
198,1.45625e-06
199,1.48722e-06
200,1.58665e-06
201,1.52754e-06
202,1.40298e-06
203,1.45958e-06
204,1.41349e-06
205,1.44382e-06
206,1.36480e-06
207,1.37113e-06
208,1.43577e-06
209,1.46203e-06
210,1.54381e-06
211,1.52180e-06
212,1.38679e-06
213,1.55298e-06
214,1.52060e-06
215,1.61572e-06
216,1.48956e-06
217,1.49409e-06
218,1.40241e-06
219,1.47478e-06
220,1.46204e-06
221,1.50967e-06
222,1.59861e-06
223,1.52449e-06
224,1.43888e-06
225,1.53267e-06
226,1.62062e-06
227,1.64443e-06
228,1.74162e-06
229,1.63946e-06
230,1.61067e-06
231,1.82654e-06
232,1.69919e-06
233,1.64147e-06
234,1.60850e-06
235,1.83156e-06
236,1.67188e-06
237,1.51391e-06
238,1.72834e-06
239,1.73603e-06
240,1.75961e-06
241,1.70409e-06
242,1.61691e-06
243,1.86886e-06
244,1.93895e-06
245,2.00816e-06
246,1.98431e-06
247,1.89454e-06
248,1.93798e-06
249,2.17046e-06
250,1.95405e-06
251,2.03580e-06
252,1.95412e-06
253,2.12813e-06
254,2.15593e-06
255,2.01769e-06
256,2.04428e-06
257,2.01108e-06
258,2.04984e-06
259,2.15983e-06
260,1.96618e-06
261,2.11272e-06
262,1.99988e-06
263,1.93758e-06
264,2.10234e-06
265,2.16288e-06
266,2.15870e-06
267,2.10929e-06
268,2.08042e-06
269,2.07850e-06
270,2.24133e-06
271,2.27900e-06
272,2.25721e-06
273,2.17345e-06
274,2.22730e-06
275,2.15633e-06
276,2.17830e-06
277,2.13502e-06
278,2.22316e-06
279,2.11266e-06
280,2.20253e-06
281,2.27861e-06
282,2.22077e-06
283,2.33436e-06
284,2.22945e-06
285,2.17870e-06
286,2.17371e-06
287,2.22789e-06
288,2.27727e-06
289,2.30634e-06
290,2.28297e-06
291,2.24473e-06
292,2.31526e-06
293,2.27696e-06
294,2.24891e-06
295,2.30651e-06
296,2.40402e-06
297,2.39465e-06
298,2.31520e-06
299,2.26621e-06
300,2.37753e-06
301,2.32312e-06
302,2.50819e-06
303,2.41887e-06
304,2.47977e-06
305,2.38062e-06
306,2.46968e-06
307,2.50810e-06
308,2.57152e-06
309,2.58447e-06
310,2.65304e-06
311,2.47472e-06
312,2.59401e-06
313,2.48252e-06
314,2.63004e-06
315,2.55410e-06
316,2.55467e-06
317,2.57586e-06
318,2.64186e-06
319,2.58071e-06
320,2.63608e-06
321,2.47533e-06
322,2.54095e-06
323,2.65404e-06
324,2.53385e-06
325,2.73070e-06
326,2.63003e-06
327,2.71582e-06
328,2.80026e-06
329,2.68566e-06
330,2.59164e-06
331,2.50122e-06
332,2.63665e-06
333,2.73525e-06
334,2.83344e-06
335,2.76978e-06
336,2.77228e-06
337,2.74639e-06
338,2.78546e-06
339,2.76234e-06
340,2.87820e-06
341,2.72961e-06
342,2.82551e-06
343,2.61829e-06
344,2.62563e-06
345,2.57816e-06
346,2.80713e-06
347,2.71651e-06
348,2.61500e-06
349,2.69975e-06
350,2.80202e-06
351,2.71594e-06
352,2.58529e-06
353,2.54705e-06
354,2.61886e-06
355,2.50156e-06
356,2.62794e-06
357,2.51744e-06
358,2.58805e-06
359,2.66642e-06
360,2.67666e-06
361,2.68180e-06
362,2.71070e-06
363,2.66218e-06
364,2.82696e-06
365,2.56200e-06
366,2.65162e-06
367,2.72122e-06
368,2.77384e-06
369,2.73479e-06
370,2.78022e-06
371,2.66225e-06
372,2.69411e-06
373,2.84360e-06
374,2.89594e-06
375,2.86361e-06
376,2.76519e-06
377,2.81966e-06
378,2.95603e-06
379,2.96896e-06
380,3.00955e-06
381,3.06622e-06
382,3.04707e-06
383,3.04085e-06
384,3.16917e-06
385,3.13535e-06
386,3.00552e-06
387,2.89785e-06
388,3.06887e-06
389,3.04303e-06
390,2.93202e-06
391,3.02997e-06
392,3.08641e-06
393,3.10283e-06
394,3.07178e-06
395,2.94531e-06
396,3.04999e-06
397,2.89647e-06
398,2.90743e-06
399,2.89853e-06
400,2.93392e-06
401,2.83827e-06
402,2.81994e-06
403,2.95384e-06
404,2.99617e-06
405,2.85608e-06
406,2.88433e-06
407,2.83462e-06
408,2.95488e-06
409,2.95435e-06
410,2.71489e-06
411,2.82190e-06
412,2.87191e-06
413,2.83707e-06
414,2.90903e-06
415,2.84808e-06
416,2.82876e-06
417,2.90055e-06
418,2.79867e-06
419,2.82971e-06
420,2.84677e-06
421,2.77193e-06
422,2.86713e-06
423,2.85416e-06
424,2.76914e-06
425,2.93347e-06
426,2.79719e-06
427,2.84163e-06
428,2.73283e-06
429,2.81361e-06
430,2.84487e-06
431,2.93736e-06
432,2.91093e-06
433,2.76233e-06
434,2.83652e-06
435,2.77978e-06
436,2.73691e-06
437,2.74130e-06
438,2.74487e-06
439,2.76620e-06
440,2.60850e-06
441,2.53593e-06
442,2.69774e-06
443,2.84581e-06
444,2.80051e-06
445,2.77681e-06
446,2.69710e-06
447,2.78226e-06
448,2.79330e-06
449,2.76282e-06
450,2.71580e-06
451,2.76394e-06
452,2.90100e-06
453,2.71605e-06
454,2.75381e-06
455,2.69576e-06
456,2.71935e-06
457,2.71339e-06
458,2.72694e-06
459,2.65119e-06
460,2.76811e-06
461,2.72123e-06
462,2.78823e-06
463,2.94745e-06
464,2.84400e-06
465,2.91226e-06
466,2.79458e-06
467,2.84658e-06
468,2.92021e-06
469,2.83066e-06
470,2.71394e-06
471,2.80220e-06
472,2.80342e-06
473,2.68266e-06
474,2.84151e-06
475,2.94326e-06
476,2.85791e-06
477,2.79624e-06
478,2.90415e-06
479,2.79646e-06
480,2.85107e-06
481,2.85747e-06
482,2.93582e-06
483,2.77508e-06
484,2.99676e-06
485,3.04651e-06
486,2.92988e-06
487,2.88773e-06
488,2.88131e-06
489,2.91228e-06
490,2.87965e-06
491,2.89289e-06
492,2.96014e-06
493,3.00203e-06
494,2.75764e-06
495,2.93607e-06
496,3.04338e-06
497,2.82877e-06
498,2.89277e-06
499,2.80354e-06
500,2.88895e-06
501,2.99217e-06
502,2.95311e-06
503,2.82807e-06
504,2.85535e-06
505,2.84917e-06
506,2.83970e-06
507,2.91472e-06
508,3.04328e-06
509,3.01216e-06
510,2.89237e-06
511,2.84597e-06
512,2.87084e-06
513,2.82531e-06
514,2.96907e-06
515,2.89854e-06
516,2.80213e-06
517,2.91149e-06
518,2.89124e-06
519,2.92903e-06
520,2.73749e-06
521,2.98743e-06
522,2.83081e-06
523,2.78145e-06
524,2.89425e-06
525,2.77180e-06
526,3.03353e-06
527,2.89067e-06
528,2.84846e-06
529,2.87321e-06
530,2.83033e-06
531,2.88502e-06
532,2.79656e-06
533,2.74865e-06
534,2.72675e-06
535,2.93401e-06
536,2.87075e-06
537,2.96484e-06
538,2.85282e-06
539,2.94346e-06
540,2.84657e-06
541,2.80201e-06
542,2.85500e-06
543,2.81417e-06
544,2.75960e-06
545,2.90431e-06
546,2.78495e-06
547,2.90766e-06
548,2.82288e-06
549,2.84205e-06
550,2.85688e-06
551,2.82442e-06
552,2.90562e-06
553,2.88579e-06
554,2.82160e-06
555,2.71799e-06
556,2.90819e-06
557,2.82286e-06
558,2.64833e-06
559,2.68326e-06
560,2.79253e-06
561,2.82841e-06
562,2.90147e-06
563,2.82419e-06
564,2.73193e-06
565,2.87766e-06
566,2.71251e-06
567,2.73067e-06
568,2.68825e-06
569,2.77752e-06
570,2.67825e-06
571,2.73031e-06
572,2.72987e-06
573,2.67343e-06
574,2.72888e-06
575,2.69392e-06
576,2.66485e-06
577,2.67437e-06
578,2.61440e-06
579,2.66191e-06
580,2.71129e-06
581,2.66040e-06
582,2.68895e-06
583,2.67113e-06
584,2.70601e-06
585,2.62335e-06
586,2.58199e-06
587,2.61083e-06
588,2.65308e-06
589,2.61118e-06
590,2.60020e-06
591,2.58881e-06
592,2.60863e-06
593,2.45346e-06
594,2.61976e-06
595,2.58438e-06
596,2.53181e-06
597,2.51743e-06
598,2.54912e-06
599,2.44334e-06
600,2.36843e-06
601,2.50648e-06
602,2.37540e-06
603,2.54709e-06
604,2.37338e-06
605,2.48433e-06
606,2.56290e-06
607,2.47146e-06
608,2.55168e-06
609,2.40911e-06
610,2.65540e-06
611,2.48541e-06
612,2.35301e-06
613,2.34353e-06
614,2.49285e-06
615,2.38936e-06
616,2.28688e-06
617,2.42425e-06
618,2.45959e-06
619,2.37858e-06
620,2.46521e-06
621,2.30955e-06
622,2.42750e-06
623,2.38136e-06
624,2.32565e-06
625,2.40269e-06
626,2.49616e-06
627,2.36794e-06
628,2.46899e-06
629,2.39473e-06
630,2.66681e-06
631,2.52346e-06
632,2.68721e-06
633,2.47777e-06
634,2.31311e-06
635,2.29652e-06
636,2.37590e-06
637,2.48485e-06
638,2.23421e-06
639,2.35449e-06
640,2.47404e-06
641,2.32084e-06
642,2.35421e-06
643,2.34746e-06
644,2.44327e-06
645,2.31670e-06
646,2.43905e-06
647,2.34623e-06
648,2.43152e-06
649,2.30364e-06
650,2.42680e-06
651,2.49880e-06
652,2.48436e-06
653,2.41256e-06
654,2.45841e-06
655,2.22270e-06
656,2.30980e-06
657,2.29667e-06
658,2.46898e-06
659,2.55260e-06
660,2.33473e-06
661,2.29176e-06
662,2.29710e-06
663,2.39251e-06
664,2.38004e-06
665,2.41184e-06
666,2.33927e-06
667,2.33743e-06
668,2.32703e-06
669,2.29865e-06
670,2.40619e-06
671,2.28542e-06
672,2.39547e-06
673,2.43392e-06
674,2.31770e-06
675,2.27814e-06
676,2.36670e-06
677,2.39899e-06
678,2.47111e-06
679,2.45258e-06
680,2.41705e-06
681,2.46768e-06
682,2.36009e-06
683,2.32426e-06
684,2.47211e-06
685,2.44061e-06
686,2.42054e-06
687,2.34760e-06
688,2.46181e-06
689,2.46614e-06
690,2.48120e-06
691,2.39501e-06
692,2.46697e-06
693,2.36236e-06
694,2.39311e-06
695,2.26517e-06
696,2.34307e-06
697,2.63512e-06
698,2.38462e-06
699,2.49097e-06
700,2.50321e-06
701,2.38829e-06
702,2.34084e-06
703,2.45230e-06
704,2.39657e-06
705,2.30603e-06
706,2.34708e-06
707,2.41022e-06
708,2.39153e-06
709,2.41794e-06
710,2.42592e-06
711,2.34802e-06
712,2.44340e-06
713,2.42275e-06
714,2.33311e-06
715,2.49513e-06
716,2.35346e-06
717,2.20608e-06
718,2.35821e-06
719,2.40367e-06
720,2.23883e-06
721,2.22938e-06
722,2.34256e-06
723,2.50353e-06
724,2.26169e-06
725,2.33614e-06
726,2.31435e-06
727,2.47693e-06
728,2.24200e-06
729,2.40235e-06
730,2.36800e-06
731,2.39351e-06
732,2.39795e-06
733,2.55891e-06
734,2.44818e-06
735,2.20553e-06
736,2.31908e-06
737,2.32801e-06
738,2.40822e-06
739,2.44771e-06
740,2.45033e-06
741,2.36146e-06
742,2.34548e-06
743,2.30218e-06
744,2.36609e-06
745,2.35924e-06
746,2.32072e-06
747,2.38546e-06
748,2.41280e-06
749,2.34065e-06
750,2.32439e-06
751,2.43041e-06
752,2.20453e-06
753,2.42791e-06
754,2.27943e-06
755,2.38338e-06
756,2.31679e-06
757,2.31165e-06
758,2.38149e-06
759,2.40488e-06
760,2.39763e-06
761,2.56758e-06
762,2.40148e-06
763,2.43076e-06
764,2.39048e-06
765,2.54013e-06
766,2.38159e-06
767,2.52161e-06
768,2.53776e-06
769,2.37347e-06
770,2.40529e-06
771,2.41065e-06
772,2.42559e-06
773,2.49200e-06
774,2.53692e-06
775,2.51211e-06
776,2.41447e-06
777,2.58027e-06
778,2.33278e-06
779,2.72539e-06
780,2.51929e-06
781,2.43571e-06
782,2.40484e-06
783,2.57522e-06
784,2.64413e-06
785,2.46371e-06
786,2.47531e-06
787,2.37870e-06
788,2.32847e-06
789,2.37966e-06
790,2.39432e-06
791,2.35824e-06
792,2.48798e-06
793,2.41796e-06
794,2.42476e-06
795,2.35639e-06
796,2.55523e-06
797,2.42118e-06
798,2.45567e-06
799,2.56046e-06
800,2.55852e-06
801,2.46939e-06
802,2.38066e-06
803,2.52599e-06
804,2.41572e-06
805,2.45675e-06
806,2.46402e-06
807,2.43438e-06
808,2.40273e-06
809,2.38308e-06
810,2.44898e-06
811,2.43668e-06
812,2.42623e-06
813,2.49226e-06
814,2.54262e-06
815,2.49012e-06
816,2.57495e-06
817,2.47833e-06
818,2.48947e-06
819,2.45392e-06
820,2.48555e-06
821,2.45935e-06
822,2.41769e-06
823,2.58081e-06
824,2.66219e-06
825,2.66263e-06
826,2.60383e-06
827,2.68570e-06
828,2.58112e-06
829,2.54490e-06
830,2.60016e-06
831,2.68965e-06
832,2.69301e-06
833,2.59065e-06
834,2.55275e-06
835,2.53288e-06
836,2.43997e-06
837,2.59843e-06
838,2.51842e-06
839,2.50944e-06
840,2.49717e-06
841,2.63073e-06
842,2.36006e-06
843,2.48593e-06
844,2.63640e-06
845,2.46946e-06
846,2.49692e-06
847,2.48736e-06
848,2.30208e-06
849,2.31169e-06
850,2.39273e-06
851,2.43072e-06
852,2.46322e-06
853,2.55253e-06
854,2.37468e-06
855,2.40295e-06
856,2.38241e-06
857,2.28717e-06
858,2.48115e-06
859,2.51548e-06
860,2.38819e-06
861,2.52727e-06
862,2.62662e-06
863,2.51700e-06
864,2.56764e-06
865,2.55432e-06
866,2.54010e-06
867,2.42958e-06
868,2.62190e-06
869,2.59390e-06
870,2.52640e-06
871,2.45990e-06
872,2.64326e-06
873,2.51123e-06
874,2.56912e-06
875,2.60522e-06
876,2.47353e-06
877,2.55855e-06
878,2.53961e-06
879,2.59481e-06
880,2.57281e-06
881,2.64909e-06
882,2.50880e-06
883,2.49449e-06
884,2.61988e-06
885,2.61009e-06
886,2.50482e-06
887,2.56986e-06
888,2.59626e-06
889,2.51099e-06
890,2.49486e-06
891,2.59671e-06
892,2.60474e-06
893,2.45603e-06
894,2.44631e-06
895,2.45283e-06
896,2.37801e-06
897,2.48202e-06
898,2.48534e-06
899,2.40738e-06
900,2.52041e-06
901,2.43735e-06
902,2.49439e-06
903,2.55050e-06
904,2.49713e-06
905,2.48403e-06
906,2.47771e-06
907,2.39995e-06
908,2.58432e-06
909,2.50281e-06
910,2.56478e-06
911,2.68989e-06
912,2.52022e-06
913,2.67080e-06
914,2.55889e-06
915,2.71008e-06
916,2.54564e-06
917,2.85847e-06
918,2.72686e-06
919,2.72778e-06
920,2.72167e-06
921,2.67712e-06
922,2.63693e-06
923,2.72181e-06
924,2.70035e-06
925,2.69558e-06
926,2.65515e-06
927,2.61703e-06
928,2.62896e-06
929,2.68078e-06
930,2.63778e-06
931,2.59061e-06
932,2.74325e-06
933,2.77217e-06
934,2.76588e-06
935,2.88804e-06
936,2.84718e-06
937,2.85571e-06
938,2.84595e-06
939,2.94637e-06
940,2.88021e-06
941,2.84981e-06
942,2.93131e-06
943,2.95404e-06
944,2.86210e-06
945,2.88529e-06
946,2.94268e-06
947,2.91420e-06
948,2.90164e-06
949,2.94391e-06
950,2.91881e-06
951,2.74099e-06
952,2.78579e-06
953,2.83448e-06
954,2.78352e-06
955,2.87426e-06
956,2.67234e-06
957,2.73396e-06
958,2.70760e-06
959,2.78627e-06
960,2.86968e-06
961,2.76595e-06
962,2.84036e-06
963,2.80705e-06
964,2.74632e-06
965,2.65414e-06
966,2.72954e-06
967,2.67673e-06
968,2.59148e-06
969,2.78911e-06
970,2.74595e-06
971,2.75697e-06
972,2.75747e-06
973,2.70773e-06
974,2.69341e-06
975,2.65064e-06
976,2.55026e-06
977,2.73184e-06
978,2.57693e-06
979,2.55675e-06
980,2.67622e-06
981,2.55925e-06
982,2.56810e-06
983,2.57206e-06
984,2.57002e-06
985,2.69858e-06
986,2.53253e-06
987,2.54642e-06
988,2.54479e-06
989,2.60642e-06
990,2.36329e-06
991,2.48166e-06
992,2.51058e-06
993,2.55378e-06
994,2.55389e-06
995,2.69405e-06
996,2.50726e-06
997,2.60347e-06
998,2.52664e-06
999,2.53366e-06
1000,2.61214e-06
1001,2.69308e-06
1002,2.54687e-06
1003,2.59981e-06
1004,2.47748e-06
1005,2.54067e-06
1006,2.69772e-06
1007,2.47589e-06
1008,2.62776e-06
1009,2.52174e-06
1010,2.47403e-06
1011,2.53981e-06
1012,2.44102e-06
1013,2.51893e-06
1014,2.62150e-06
1015,2.51457e-06
1016,2.55048e-06
1017,2.56030e-06
1018,2.53299e-06
1019,2.48118e-06
1020,2.56071e-06
1021,2.56755e-06
1022,2.54629e-06
1023,2.59850e-06
1024,2.58175e-06
1025,2.40080e-06
1026,2.53280e-06
1027,2.50353e-06
1028,2.46364e-06
1029,2.60538e-06
1030,2.32163e-06
1031,2.50906e-06
1032,2.36815e-06
1033,2.53960e-06
1034,2.55479e-06
1035,2.49710e-06
1036,2.54275e-06
1037,2.57673e-06
1038,2.64074e-06
1039,2.56450e-06
1040,2.62733e-06
1041,2.60958e-06
1042,2.42275e-06
1043,2.55095e-06
1044,2.77125e-06
1045,2.62922e-06
1046,2.59524e-06
1047,2.67444e-06
1048,2.56523e-06
1049,2.59383e-06
1050,2.44319e-06
1051,2.57393e-06
1052,2.58158e-06
1053,2.50700e-06
1054,2.60609e-06
1055,2.70861e-06
1056,2.51614e-06
1057,2.57994e-06
1058,2.60832e-06
1059,2.61096e-06
1060,2.62821e-06
1061,2.63331e-06
1062,2.52577e-06
1063,2.47057e-06
1064,2.61651e-06
1065,2.49419e-06
1066,2.53275e-06
1067,2.56529e-06
1068,2.61412e-06
1069,2.56286e-06
1070,2.79038e-06
1071,2.64231e-06
1072,2.84925e-06
1073,2.53411e-06
1074,2.63768e-06
1075,2.55955e-06
1076,2.54393e-06
1077,2.64203e-06
1078,2.72680e-06
1079,2.67801e-06
1080,2.76458e-06
1081,2.68939e-06
1082,2.68163e-06
1083,2.69645e-06
1084,2.60834e-06
1085,2.66172e-06
1086,2.77425e-06
1087,2.66083e-06
1088,2.78197e-06
1089,2.77601e-06
1090,2.70912e-06
1091,2.66832e-06
1092,2.62366e-06
1093,2.65527e-06
1094,2.75370e-06
1095,2.72479e-06
1096,2.78019e-06
1097,2.78297e-06
1098,2.76575e-06
1099,2.72785e-06
1100,2.65763e-06
1101,2.70220e-06
1102,2.79586e-06
1103,2.86755e-06
1104,2.78484e-06
1105,2.79626e-06
1106,2.84634e-06
1107,2.62147e-06
1108,2.80843e-06
1109,2.69643e-06
1110,2.82529e-06
1111,2.70353e-06
1112,2.71876e-06
1113,2.72835e-06
1114,2.82337e-06
1115,2.56568e-06
1116,2.80382e-06
1117,2.70380e-06
1118,2.72932e-06
1119,2.75192e-06
1120,2.68657e-06
1121,2.68990e-06
1122,2.93870e-06
1123,2.87439e-06
1124,3.02907e-06
1125,2.86195e-06
1126,2.93117e-06
1127,2.92290e-06
1128,2.95525e-06
1129,2.86228e-06
1130,2.88912e-06
1131,2.86565e-06
1132,2.98029e-06
1133,2.87747e-06
1134,2.82680e-06
1135,2.67628e-06
1136,2.80608e-06
1137,2.90621e-06
1138,2.99759e-06
1139,2.79240e-06
1140,2.69401e-06
1141,2.93465e-06
1142,2.83467e-06
1143,2.80125e-06
1144,2.89795e-06
1145,2.78497e-06
1146,2.96449e-06
1147,2.84088e-06
1148,2.72607e-06
1149,2.81296e-06
1150,2.82939e-06
1151,2.90576e-06
1152,2.76126e-06
1153,2.91290e-06
1154,2.79488e-06
1155,2.84947e-06
1156,2.82977e-06
1157,2.91847e-06
1158,2.79188e-06
1159,2.86470e-06
1160,2.88803e-06
1161,2.99822e-06
1162,2.78712e-06
1163,2.80536e-06
1164,3.03240e-06
1165,2.93045e-06
1166,2.88751e-06
1167,2.89305e-06
1168,2.94967e-06
1169,3.08327e-06
1170,2.88311e-06
1171,2.87998e-06
1172,2.80682e-06
1173,2.91334e-06
1174,2.84868e-06
1175,2.85834e-06
1176,3.05265e-06
1177,2.95539e-06
1178,2.86517e-06
1179,2.92412e-06
1180,2.92547e-06
1181,2.88176e-06
1182,2.95341e-06
1183,2.95023e-06
1184,2.89275e-06
1185,2.92721e-06
1186,2.94454e-06
1187,2.91531e-06
1188,2.84522e-06
1189,2.79693e-06
1190,2.84148e-06
1191,2.82640e-06
1192,2.92825e-06
1193,2.87683e-06
1194,2.96336e-06
1195,2.62673e-06
1196,2.83632e-06
1197,2.83755e-06
1198,2.81795e-06
1199,2.69565e-06
1200,2.58488e-06
1201,2.62280e-06
1202,2.75296e-06
1203,2.72009e-06
1204,2.73217e-06
1205,2.68827e-06
1206,2.68152e-06
1207,2.55600e-06
1208,2.74539e-06
1209,2.78375e-06
1210,2.75789e-06
1211,2.74551e-06
1212,2.85599e-06
1213,2.74931e-06
1214,2.75770e-06
1215,2.74208e-06
1216,2.75432e-06
1217,2.79363e-06
1218,2.79307e-06
1219,2.95451e-06
1220,2.83217e-06
1221,2.68051e-06
1222,2.80970e-06
1223,2.86636e-06
1224,2.76542e-06
1225,2.68617e-06
1226,2.65730e-06
1227,2.71389e-06
1228,2.72155e-06
1229,2.83381e-06
1230,2.69273e-06
1231,2.72664e-06
1232,2.79116e-06
1233,2.64230e-06
1234,2.86086e-06
1235,2.70959e-06
1236,2.73469e-06
1237,2.98094e-06
1238,2.77859e-06
1239,2.66533e-06
1240,2.66883e-06
1241,2.69330e-06
1242,2.68251e-06
1243,2.63622e-06
1244,2.64966e-06
1245,2.72405e-06
1246,2.76595e-06
1247,2.73011e-06
1248,2.67999e-06
1249,2.66858e-06
1250,2.70788e-06
1251,2.59179e-06
1252,2.73837e-06
1253,2.78474e-06
1254,2.85183e-06
1255,2.66909e-06
1256,2.74138e-06
1257,2.75148e-06
1258,2.61049e-06
1259,2.68421e-06
1260,2.74281e-06
1261,2.65274e-06
1262,2.66069e-06
1263,2.63411e-06
1264,2.67280e-06
1265,2.55519e-06
1266,2.62449e-06
1267,2.73321e-06
1268,2.73207e-06
1269,2.62254e-06
1270,2.49139e-06
1271,2.70245e-06
1272,2.45190e-06
1273,2.55469e-06
1274,2.51162e-06
1275,2.69577e-06
1276,2.61403e-06
1277,2.54722e-06
1278,2.64198e-06
1279,2.65782e-06
1280,2.69623e-06
1281,2.76106e-06
1282,2.69400e-06
1283,2.67754e-06
1284,2.72151e-06
1285,2.64127e-06
1286,2.73822e-06
1287,2.70744e-06
1288,2.72746e-06
1289,2.63954e-06
1290,2.66311e-06
1291,2.54808e-06
1292,2.74174e-06
1293,2.88087e-06
1294,2.69076e-06
1295,2.56057e-06
1296,2.56347e-06
1297,2.52149e-06
1298,2.68270e-06
1299,2.63007e-06
1300,2.69181e-06
1301,2.35187e-06
1302,2.52219e-06
1303,2.48993e-06
1304,2.57875e-06
1305,2.53969e-06
1306,2.53722e-06
1307,2.58864e-06
1308,2.69474e-06
1309,2.65980e-06
1310,2.44686e-06
1311,2.74253e-06
1312,2.79072e-06
1313,2.60866e-06
1314,2.48134e-06
1315,2.47119e-06
1316,2.55837e-06
1317,2.50209e-06
1318,2.62800e-06
1319,2.56639e-06
1320,2.46816e-06
1321,2.31753e-06
1322,2.51239e-06
1323,2.55200e-06
1324,2.42777e-06
1325,2.43139e-06
1326,2.30273e-06
1327,2.45818e-06
1328,2.42980e-06
1329,2.48830e-06
1330,2.43608e-06
1331,2.45413e-06
1332,2.54930e-06
1333,2.47369e-06
1334,2.52264e-06
1335,2.45386e-06
1336,2.53932e-06
1337,2.57758e-06
1338,2.61868e-06
1339,2.54380e-06
1340,2.65305e-06
1341,2.47413e-06
1342,2.57743e-06
1343,2.64542e-06
1344,2.46902e-06
1345,2.71801e-06
1346,2.65641e-06
1347,2.58329e-06
1348,2.65143e-06
1349,2.61542e-06
1350,2.74005e-06
1351,2.68418e-06
1352,2.56585e-06
1353,2.75930e-06
1354,2.48700e-06
1355,2.58874e-06
1356,2.71492e-06
1357,2.50700e-06
1358,2.63878e-06
1359,2.63081e-06
1360,2.63399e-06
1361,2.56813e-06
1362,2.61663e-06
1363,2.70308e-06
1364,2.66730e-06
1365,2.63316e-06
1366,2.61739e-06
1367,2.68817e-06
1368,2.62580e-06
1369,2.66078e-06
1370,2.73756e-06
1371,2.66339e-06
1372,2.73111e-06
1373,2.70886e-06
1374,2.64504e-06
1375,2.53852e-06
1376,2.69938e-06
1377,2.65906e-06
1378,2.54165e-06
1379,2.49507e-06
1380,2.61621e-06
1381,2.49770e-06
1382,2.70687e-06
1383,2.55690e-06
1384,2.46119e-06
1385,2.68176e-06
1386,2.64629e-06
1387,2.56065e-06
1388,2.58416e-06
1389,2.58199e-06
1390,2.56424e-06
1391,2.53660e-06
1392,2.60211e-06
1393,2.56725e-06
1394,2.76706e-06
1395,2.75137e-06
1396,2.60167e-06
1397,2.69028e-06
1398,2.82077e-06
1399,2.65104e-06
1400,2.67739e-06
1401,2.48264e-06
1402,2.55607e-06
1403,2.62120e-06
1404,2.66449e-06
1405,2.58562e-06
1406,2.61802e-06
1407,2.58257e-06
1408,2.62613e-06
1409,2.57290e-06
1410,2.65687e-06
1411,2.54545e-06
1412,2.56051e-06
1413,2.64414e-06
1414,2.65287e-06
1415,2.60886e-06
1416,2.67573e-06
1417,2.70557e-06
1418,2.54547e-06
1419,2.55784e-06
1420,2.63769e-06
1421,2.64605e-06
1422,2.60657e-06
1423,2.46610e-06
1424,2.57516e-06
1425,2.52474e-06
1426,2.51148e-06
1427,2.54719e-06
1428,2.72108e-06
1429,2.72378e-06
1430,2.51828e-06
1431,2.57949e-06
1432,2.60643e-06
1433,2.59781e-06
1434,2.62529e-06
1435,2.62802e-06
1436,2.69240e-06
1437,2.61920e-06
1438,2.62224e-06
1439,2.65090e-06
1440,2.59453e-06
1441,2.62543e-06
1442,2.61474e-06
1443,2.68253e-06
1444,2.48512e-06
1445,2.58013e-06
1446,2.58525e-06
1447,2.56088e-06
1448,2.55746e-06
1449,2.57534e-06
1450,2.53091e-06
1451,2.53916e-06
1452,2.61038e-06
1453,2.70273e-06
1454,2.68323e-06
1455,2.56880e-06
1456,2.50045e-06
1457,2.57893e-06
1458,2.57485e-06
1459,2.78824e-06
1460,2.69801e-06
1461,2.57063e-06
1462,2.67916e-06
1463,2.61557e-06
1464,2.69538e-06
1465,2.62186e-06
1466,2.62157e-06
1467,2.70702e-06
1468,2.74899e-06
1469,2.59325e-06
1470,2.69757e-06
1471,2.64622e-06
1472,2.58155e-06
1473,2.59843e-06
1474,2.54381e-06
1475,2.69904e-06
1476,2.58271e-06
1477,2.55214e-06
1478,2.48419e-06
1479,2.51276e-06
1480,2.65401e-06
1481,2.71864e-06
1482,2.69815e-06
1483,2.61080e-06
1484,2.74618e-06
1485,2.80499e-06
1486,2.53400e-06
1487,2.69771e-06
1488,2.73826e-06
1489,2.79513e-06
1490,2.70406e-06
1491,2.62955e-06
1492,2.79353e-06
1493,2.73518e-06
1494,2.74595e-06
1495,2.77307e-06
1496,2.68310e-06
1497,2.81061e-06
1498,2.75026e-06
1499,2.62483e-06
1500,2.58372e-06
1501,2.64414e-06
1502,2.64953e-06
1503,2.66541e-06
1504,2.73485e-06
1505,2.66028e-06
1506,2.82828e-06
1507,2.68805e-06
1508,2.88059e-06
1509,2.66157e-06
1510,2.69159e-06
1511,2.66573e-06
1512,2.54474e-06
1513,2.63503e-06
1514,2.72272e-06
1515,2.79958e-06
1516,2.76205e-06
1517,2.68915e-06
1518,2.66006e-06
1519,2.61810e-06
1520,2.57531e-06
1521,2.67847e-06
1522,2.61470e-06
1523,2.73836e-06
1524,2.55879e-06
1525,2.65193e-06
1526,2.61097e-06
1527,2.56826e-06
1528,2.53123e-06
1529,2.65054e-06
1530,2.54091e-06
1531,2.64824e-06
1532,2.73943e-06
1533,2.71174e-06
1534,2.60341e-06
1535,2.52988e-06
1536,2.58510e-06
1537,2.61740e-06
1538,2.49167e-06
1539,2.50335e-06
1540,2.64628e-06
1541,2.57528e-06
1542,2.52004e-06
1543,2.67536e-06
1544,2.53691e-06
1545,2.54367e-06
1546,2.58056e-06
1547,2.54497e-06
1548,2.56487e-06
1549,2.67194e-06
1550,2.61908e-06
1551,2.40976e-06
1552,2.51154e-06
1553,2.55239e-06
1554,2.52029e-06
1555,2.76447e-06
1556,2.64305e-06
1557,2.55866e-06
1558,2.72765e-06
1559,2.53143e-06
1560,2.54750e-06
1561,2.59614e-06
1562,2.59106e-06
1563,2.57756e-06
1564,2.70588e-06
1565,2.44725e-06
1566,2.61365e-06
1567,2.59890e-06
1568,2.58015e-06
1569,2.56375e-06
1570,2.64227e-06
1571,2.64939e-06
1572,2.67857e-06
1573,2.65002e-06
1574,2.64740e-06
1575,2.61227e-06
1576,2.74013e-06
1577,2.64884e-06
1578,2.57225e-06
1579,2.69816e-06
1580,2.70445e-06
1581,2.60673e-06
1582,2.51823e-06
1583,2.59328e-06
1584,2.62002e-06
1585,2.61191e-06
1586,2.48713e-06
1587,2.65201e-06
1588,2.60599e-06
1589,2.63247e-06
1590,2.48357e-06
1591,2.53489e-06
1592,2.42963e-06
1593,2.53404e-06
1594,2.40072e-06
1595,2.36678e-06
1596,2.47251e-06
1597,2.37545e-06
1598,2.45679e-06
1599,2.44134e-06
1600,2.35198e-06
1601,2.23054e-06
1602,2.28555e-06
1603,2.47523e-06
1604,2.22502e-06
1605,2.30693e-06
1606,2.23956e-06
1607,2.38370e-06
1608,2.38438e-06
1609,2.43141e-06
1610,2.43443e-06
1611,2.40900e-06
1612,2.32550e-06
1613,2.33949e-06
1614,2.31810e-06
1615,2.39645e-06
1616,2.44325e-06
1617,2.56617e-06
1618,2.39629e-06
1619,2.46775e-06
1620,2.41016e-06
1621,2.36378e-06
1622,2.34217e-06
1623,2.41833e-06
1624,2.41222e-06
1625,2.41137e-06
1626,2.32186e-06
1627,2.50084e-06
1628,2.37744e-06
1629,2.55644e-06
1630,2.51546e-06
1631,2.53570e-06
1632,2.55525e-06
1633,2.44255e-06
1634,2.40412e-06
1635,2.37367e-06
1636,2.52072e-06
1637,2.49025e-06
1638,2.45614e-06
1639,2.35377e-06
1640,2.52842e-06
1641,2.34024e-06
1642,2.47224e-06
1643,2.53754e-06
1644,2.45392e-06
1645,2.54440e-06
1646,2.49013e-06
1647,2.46715e-06
1648,2.53133e-06
1649,2.64116e-06
1650,2.47068e-06
1651,2.35942e-06
1652,2.43877e-06
1653,2.43244e-06
1654,2.61297e-06
1655,2.59395e-06
1656,2.60134e-06
1657,2.52021e-06
1658,2.34722e-06
1659,2.35169e-06
1660,2.53534e-06
1661,2.55016e-06
1662,2.57332e-06
1663,2.59381e-06
1664,2.45736e-06
1665,2.53830e-06
1666,2.48246e-06
1667,2.45688e-06
1668,2.53790e-06
1669,2.58392e-06
1670,2.53895e-06
1671,2.42053e-06
1672,2.33724e-06
1673,2.45329e-06
1674,2.39898e-06
1675,2.39074e-06
1676,2.57637e-06
1677,2.51055e-06
1678,2.42793e-06
1679,2.54051e-06
1680,2.50811e-06
1681,2.46001e-06
1682,2.53838e-06
1683,2.45609e-06
1684,2.55293e-06
1685,2.47978e-06
1686,2.57063e-06
1687,2.46115e-06
1688,2.35426e-06
1689,2.58731e-06
1690,2.34888e-06
1691,2.60685e-06
1692,2.51935e-06
1693,2.63623e-06
1694,2.76369e-06
1695,2.60926e-06
1696,2.56855e-06
1697,2.66084e-06
1698,2.68881e-06
1699,2.58001e-06
1700,2.58041e-06
1701,2.57165e-06
1702,2.58170e-06
1703,2.64124e-06
1704,2.57723e-06
1705,2.75552e-06
1706,2.69334e-06
1707,2.89774e-06
1708,2.77624e-06
1709,2.77162e-06
1710,2.80059e-06
1711,2.65741e-06
1712,2.74046e-06
1713,2.71260e-06
1714,2.82899e-06
1715,2.80122e-06
1716,2.70347e-06
1717,2.74931e-06
1718,2.87987e-06
1719,2.87922e-06
1720,2.97227e-06
1721,2.94184e-06
1722,2.71309e-06
1723,2.77449e-06
1724,2.78545e-06
1725,2.86214e-06
1726,2.80704e-06
1727,2.89726e-06
1728,2.82047e-06
1729,2.99950e-06
1730,2.89711e-06
1731,2.96138e-06
1732,2.90240e-06
1733,2.99001e-06
1734,2.78600e-06
1735,2.88348e-06
1736,2.87839e-06
1737,2.83263e-06
1738,3.00415e-06
1739,2.72406e-06
1740,2.88249e-06
1741,2.84218e-06
1742,2.99981e-06
1743,2.86913e-06
1744,2.84439e-06
1745,2.90242e-06
1746,2.73104e-06
1747,2.80058e-06
1748,2.77105e-06
1749,2.88775e-06
1750,2.90682e-06
1751,2.96494e-06
1752,2.72947e-06
1753,2.96986e-06
1754,2.79709e-06
1755,2.88781e-06
1756,2.89086e-06
1757,2.80133e-06
1758,2.96930e-06
1759,2.88533e-06
1760,2.81673e-06
1761,2.80035e-06
1762,2.78412e-06
1763,2.78654e-06
1764,2.82732e-06
1765,2.86561e-06
1766,2.95645e-06
1767,2.87000e-06
1768,2.76521e-06
1769,2.88479e-06
1770,2.94299e-06
1771,2.89040e-06
1772,2.70720e-06
1773,2.86308e-06
1774,2.87214e-06
1775,2.76922e-06
1776,2.81686e-06
1777,2.77448e-06
1778,2.83359e-06
1779,2.90489e-06
1780,2.89777e-06
1781,2.68608e-06
1782,2.76284e-06
1783,3.03703e-06
1784,2.86952e-06
1785,2.75811e-06
1786,2.92638e-06
1787,2.87549e-06
1788,2.79866e-06
1789,2.80271e-06
1790,2.88314e-06
1791,2.80967e-06
1792,2.95944e-06
1793,2.94532e-06
1794,2.98053e-06
1795,2.66475e-06
1796,2.85984e-06
1797,2.84435e-06
1798,2.85497e-06
1799,2.94305e-06
1800,2.83117e-06
1801,2.87311e-06
1802,2.97281e-06
1803,2.84874e-06
1804,2.92906e-06
1805,3.01328e-06
1806,2.97237e-06
1807,2.96427e-06
1808,2.91676e-06
1809,2.77559e-06
1810,2.82446e-06
1811,2.95596e-06
1812,2.89950e-06
1813,2.92301e-06
1814,2.93542e-06
1815,2.86174e-06
1816,2.86728e-06
1817,2.70574e-06
1818,2.82349e-06
1819,2.77296e-06
1820,2.77660e-06
1821,2.65023e-06
1822,2.75672e-06
1823,2.70973e-06
1824,2.65036e-06
1825,2.63018e-06
1826,2.57922e-06
1827,2.61591e-06
1828,2.65364e-06
1829,2.82997e-06
1830,2.70773e-06
1831,2.67678e-06
1832,2.61849e-06
1833,2.79887e-06
1834,2.80423e-06
1835,2.83595e-06
1836,2.59871e-06
1837,2.63980e-06
1838,2.68500e-06
1839,2.62740e-06
1840,2.62225e-06
1841,2.62015e-06
1842,2.66206e-06
1843,2.69281e-06
1844,2.80846e-06
1845,2.53582e-06
1846,2.59929e-06
1847,2.57315e-06
1848,2.77155e-06
1849,2.52251e-06
1850,2.57114e-06
1851,2.65796e-06
1852,2.71023e-06
1853,2.78968e-06
1854,2.75057e-06
1855,2.74777e-06
1856,2.75131e-06
1857,2.66349e-06
1858,2.70153e-06
1859,2.74436e-06
1860,2.61059e-06
1861,2.59009e-06
1862,2.64067e-06
1863,2.74657e-06
1864,2.80976e-06
1865,2.83305e-06
1866,2.59309e-06
1867,2.76163e-06
1868,2.70760e-06
1869,2.74183e-06
1870,2.74897e-06
1871,2.65611e-06
1872,2.73289e-06
1873,2.64111e-06
1874,2.68735e-06
1875,2.71230e-06
1876,2.76050e-06
1877,2.68947e-06
1878,2.61505e-06
1879,2.63221e-06
1880,2.55776e-06
1881,2.70721e-06
1882,2.71645e-06
1883,2.59845e-06
1884,2.69422e-06
1885,2.64976e-06
1886,2.65944e-06
1887,2.63723e-06
1888,2.55363e-06
1889,2.51079e-06
1890,2.59170e-06
1891,2.65926e-06
1892,2.53408e-06
1893,2.52579e-06
1894,2.56062e-06
1895,2.60580e-06
1896,2.56785e-06
1897,2.57997e-06
1898,2.60804e-06
1899,2.64650e-06
1900,2.48811e-06
1901,2.58341e-06
1902,2.69512e-06
1903,2.73984e-06
1904,2.65157e-06
1905,2.71114e-06
1906,2.63419e-06
1907,2.58116e-06
1908,2.65597e-06
1909,2.61072e-06
1910,2.66254e-06
1911,2.64441e-06
1912,2.65941e-06
1913,2.57717e-06
1914,2.61279e-06
1915,2.60144e-06
1916,2.56272e-06
1917,2.56099e-06
1918,2.74302e-06
1919,2.58669e-06
1920,2.73112e-06
1921,2.60516e-06
1922,2.57022e-06
1923,2.78286e-06
1924,2.76874e-06
1925,2.58085e-06
1926,2.59919e-06
1927,2.62204e-06
1928,2.57214e-06
1929,2.80763e-06
1930,2.58791e-06
1931,2.63947e-06
1932,2.77496e-06
1933,2.63588e-06
1934,2.59133e-06
1935,2.56550e-06
1936,2.58912e-06
1937,2.61089e-06
1938,2.65322e-06
1939,2.63245e-06
1940,2.58798e-06
1941,2.53834e-06
1942,2.66101e-06
1943,2.70569e-06
1944,2.54292e-06
1945,2.41285e-06
1946,2.56105e-06
1947,2.53627e-06
1948,2.60653e-06
1949,2.53768e-06
1950,2.41023e-06
1951,2.57034e-06
1952,2.51932e-06
1953,2.59748e-06
1954,2.51269e-06
1955,2.54008e-06
1956,2.55414e-06
1957,2.59465e-06
1958,2.44799e-06
1959,2.44934e-06
1960,2.49684e-06
1961,2.45657e-06
1962,2.54798e-06
1963,2.58036e-06
1964,2.52210e-06
1965,2.48143e-06
1966,2.43240e-06
1967,2.62122e-06
1968,2.57477e-06
1969,2.43142e-06
1970,2.60648e-06
1971,2.62513e-06
1972,2.66073e-06
1973,2.57866e-06
1974,2.62572e-06
1975,2.64528e-06
1976,2.66279e-06
1977,2.49908e-06
1978,2.57444e-06
1979,2.67254e-06
1980,2.45211e-06
1981,2.46444e-06
1982,2.48029e-06
1983,2.38204e-06
1984,2.50543e-06
1985,2.52285e-06
1986,2.54073e-06
1987,2.70281e-06
1988,2.60112e-06
1989,2.53536e-06
1990,2.58744e-06
1991,2.60690e-06
1992,2.47760e-06
1993,2.73299e-06
1994,2.72495e-06
1995,2.69480e-06
1996,2.75511e-06
1997,2.62805e-06
1998,2.76383e-06
1999,2.73660e-06
2000,2.62072e-06
2001,2.66954e-06
2002,2.63161e-06
2003,2.74720e-06
2004,2.53370e-06
2005,2.75401e-06
2006,2.75337e-06
2007,2.66465e-06
2008,2.69820e-06
2009,2.64345e-06
2010,2.75591e-06
2011,2.72525e-06
2012,2.59664e-06
2013,2.68961e-06
2014,2.67303e-06
2015,2.64702e-06
2016,2.69302e-06
2017,2.67551e-06
2018,2.71348e-06
2019,2.67325e-06
2020,2.64218e-06
2021,2.67920e-06
2022,2.58478e-06
2023,2.67253e-06
2024,2.78134e-06
2025,2.70124e-06
2026,2.87273e-06
2027,2.79724e-06
2028,2.79329e-06
2029,2.82053e-06
2030,2.93343e-06
2031,2.91635e-06
2032,2.77100e-06
2033,2.61444e-06
2034,2.78495e-06
2035,2.78713e-06
2036,2.77347e-06
2037,2.75253e-06
2038,2.90534e-06
2039,2.88689e-06
2040,2.77044e-06
2041,2.81961e-06
2042,2.80585e-06
2043,2.91117e-06
2044,2.86378e-06
2045,2.90752e-06
2046,2.86139e-06
2047,2.86785e-06
2048,2.88410e-06
2049,2.78934e-06
2050,2.98549e-06
2051,2.84364e-06
2052,2.93027e-06
2053,2.85981e-06
2054,2.80285e-06
2055,2.77768e-06
2056,2.83547e-06
2057,2.93146e-06
2058,2.88552e-06
2059,2.81410e-06
2060,2.81472e-06
2061,2.72045e-06
2062,2.76968e-06
2063,2.97261e-06
2064,2.93369e-06
2065,2.95772e-06
2066,2.94675e-06
2067,2.96727e-06
2068,2.85831e-06
2069,2.78818e-06
2070,2.77020e-06
2071,2.80371e-06
2072,2.76709e-06
2073,2.85547e-06
2074,2.89825e-06
2075,2.79062e-06
2076,2.82168e-06
2077,2.85347e-06
2078,2.84978e-06
2079,2.68801e-06
2080,2.83773e-06
2081,2.72368e-06
2082,2.87561e-06
2083,2.88273e-06
2084,2.84216e-06
2085,2.78451e-06
2086,2.74960e-06
2087,2.79221e-06
2088,2.77845e-06
2089,2.86384e-06
2090,2.90706e-06
2091,2.93116e-06
2092,2.92339e-06
2093,2.86511e-06
2094,2.92828e-06
2095,2.83914e-06
2096,2.92162e-06
2097,2.69156e-06
2098,2.85857e-06
2099,2.75528e-06
2100,2.90302e-06
2101,2.72454e-06
2102,2.87519e-06
2103,2.74808e-06
2104,2.86521e-06
2105,2.74198e-06
2106,2.77706e-06
2107,2.79800e-06
2108,2.74118e-06
2109,2.87031e-06
2110,2.76477e-06
2111,2.81450e-06
2112,2.80263e-06
2113,2.67694e-06
2114,2.64786e-06
2115,2.69225e-06
2116,2.76112e-06
2117,2.84318e-06
2118,2.81551e-06
2119,2.76504e-06
2120,2.74189e-06
2121,2.81138e-06
2122,2.77027e-06
2123,2.75185e-06
2124,2.70386e-06
2125,2.66528e-06
2126,2.74440e-06
2127,2.85740e-06
2128,2.75429e-06
2129,2.73420e-06
2130,2.70575e-06
2131,2.80002e-06
2132,2.66833e-06
2133,2.78403e-06
2134,2.72600e-06
2135,2.69356e-06
2136,2.98993e-06
2137,2.79424e-06
2138,2.75782e-06
2139,2.71193e-06
2140,2.71556e-06
2141,2.73054e-06
2142,2.71376e-06
2143,2.80711e-06
2144,2.77456e-06
2145,2.87409e-06
2146,2.66357e-06
2147,2.72534e-06
2148,2.80690e-06
2149,2.77273e-06
2150,2.76186e-06
2151,2.69880e-06
2152,2.82622e-06
2153,2.67776e-06
2154,2.79330e-06
2155,2.52975e-06
2156,2.65581e-06
2157,2.78303e-06
2158,2.72460e-06
2159,2.72933e-06
2160,2.80641e-06
2161,2.77099e-06
2162,2.74312e-06
2163,2.67663e-06
2164,2.78566e-06
2165,2.65624e-06
2166,2.78608e-06
2167,2.80592e-06
2168,2.82096e-06
2169,2.57996e-06
2170,2.57704e-06
2171,2.64481e-06
2172,2.78145e-06
2173,2.70441e-06
2174,2.74217e-06
2175,2.80317e-06
2176,2.66655e-06
2177,2.63117e-06
2178,2.71868e-06
2179,2.66319e-06
2180,2.75600e-06
2181,2.73154e-06
2182,2.68368e-06
2183,2.58232e-06
2184,2.63210e-06
2185,2.63984e-06
2186,2.79590e-06
2187,2.63538e-06
2188,2.74087e-06
2189,2.77930e-06
2190,2.74536e-06
2191,2.70634e-06
2192,2.70902e-06
2193,2.64882e-06
2194,2.72074e-06
2195,2.67018e-06
2196,2.62056e-06
2197,2.58998e-06
2198,2.59399e-06
2199,2.68216e-06
2200,2.57566e-06
2201,2.70841e-06
2202,2.74179e-06
2203,2.68663e-06
2204,2.61114e-06
2205,2.69785e-06
2206,2.54305e-06
2207,2.57379e-06
2208,2.59039e-06
2209,2.64691e-06
2210,2.70604e-06
2211,2.67573e-06
2212,2.60148e-06
2213,2.68222e-06
2214,2.49946e-06
2215,2.47633e-06
2216,2.56996e-06
2217,2.72922e-06
2218,2.60063e-06
2219,2.66735e-06
2220,2.59258e-06
2221,2.69139e-06
2222,2.65426e-06
2223,2.59839e-06
2224,2.75955e-06
2225,2.59889e-06
2226,2.53425e-06
2227,2.61029e-06
2228,2.64472e-06
2229,2.56708e-06
2230,2.59477e-06
2231,2.66832e-06
2232,2.63430e-06
2233,2.68165e-06
2234,2.66058e-06
2235,2.66380e-06
2236,2.64464e-06
2237,2.71143e-06
2238,2.75594e-06
2239,2.75977e-06
2240,2.74616e-06
2241,2.62426e-06
2242,2.74614e-06
2243,2.76578e-06
2244,2.72439e-06
2245,2.59647e-06
2246,2.50937e-06
2247,2.61004e-06
2248,2.58149e-06
2249,2.56196e-06
2250,2.59093e-06
2251,2.56961e-06
2252,2.54688e-06
2253,2.43866e-06
2254,2.46422e-06
2255,2.47655e-06
2256,2.54965e-06
2257,2.42212e-06
2258,2.42126e-06
2259,2.42433e-06
2260,2.54282e-06
2261,2.53824e-06
2262,2.39907e-06
2263,2.41419e-06
2264,2.46539e-06
2265,2.52210e-06
2266,2.49210e-06
2267,2.43262e-06
2268,2.33778e-06
2269,2.44786e-06
2270,2.52034e-06
2271,2.52875e-06
2272,2.63234e-06
2273,2.61903e-06
2274,2.52783e-06
2275,2.46149e-06
2276,2.51734e-06
2277,2.47860e-06
2278,2.55870e-06
2279,2.62965e-06
2280,2.61611e-06
2281,2.55861e-06
2282,2.69259e-06
2283,2.55522e-06
2284,2.63846e-06
2285,2.65442e-06
2286,2.46625e-06
2287,2.54117e-06
2288,2.50337e-06
2289,2.64732e-06
2290,2.57212e-06
2291,2.58718e-06
2292,2.55743e-06
2293,2.52788e-06
2294,2.57049e-06
2295,2.47326e-06
2296,2.59479e-06
2297,2.61295e-06
2298,2.78715e-06
2299,2.64421e-06
2300,2.54924e-06
2301,2.59564e-06
2302,2.66719e-06
2303,2.74088e-06
2304,2.50378e-06
2305,2.62597e-06
2306,2.57282e-06
2307,2.60845e-06
2308,2.42638e-06
2309,2.55096e-06
2310,2.54659e-06
2311,2.65954e-06
2312,2.68883e-06
2313,2.60159e-06
2314,2.55041e-06
2315,2.59463e-06
2316,2.63970e-06
2317,2.61927e-06
2318,2.58932e-06
2319,2.58878e-06
2320,2.74512e-06
2321,2.53155e-06
2322,2.73846e-06
2323,2.66719e-06
2324,2.53799e-06
2325,2.72151e-06
2326,2.73338e-06
2327,2.68754e-06
2328,2.61667e-06
2329,2.53784e-06
2330,2.60603e-06
2331,2.59685e-06
2332,2.62956e-06
2333,2.64096e-06
2334,2.58156e-06
2335,2.50859e-06
2336,2.58123e-06
2337,2.64644e-06
2338,2.78063e-06
2339,2.64641e-06
2340,2.76393e-06
2341,2.55914e-06
2342,2.59307e-06
2343,2.75896e-06
2344,2.64946e-06
2345,2.68525e-06
2346,2.68738e-06
2347,2.77016e-06
2348,2.81480e-06
2349,2.60575e-06
2350,2.64424e-06
2351,2.70146e-06
2352,2.49868e-06
2353,2.53043e-06
2354,2.61606e-06
2355,2.55696e-06
2356,2.64558e-06
2357,2.68942e-06
2358,2.80733e-06
2359,2.63122e-06
2360,2.70199e-06
2361,2.54648e-06
2362,2.51239e-06
2363,2.64335e-06
2364,2.63435e-06
2365,2.66861e-06
2366,2.73745e-06
2367,2.60061e-06
2368,2.73435e-06
2369,2.71672e-06
2370,2.71552e-06
2371,2.73122e-06
2372,2.69881e-06
2373,2.53967e-06
2374,2.76590e-06
2375,2.70557e-06
2376,2.61340e-06
2377,2.63260e-06
2378,2.51574e-06
2379,2.62668e-06
2380,2.55719e-06
2381,2.60693e-06
2382,2.62384e-06
2383,2.56883e-06
2384,2.58544e-06
2385,2.72353e-06
2386,2.55540e-06
2387,2.60097e-06
2388,2.67471e-06
2389,2.59266e-06
2390,2.66611e-06
2391,2.67788e-06
2392,2.68572e-06
2393,2.70018e-06
2394,2.70470e-06
2395,2.67160e-06
2396,2.71471e-06
2397,2.67740e-06
2398,2.81132e-06
2399,2.75825e-06
2400,2.70140e-06
2401,2.83390e-06
2402,2.58686e-06
2403,2.74099e-06
2404,2.72596e-06
2405,2.61435e-06
2406,2.53014e-06
2407,2.55445e-06
2408,2.72935e-06
2409,2.81440e-06
2410,2.77772e-06
2411,2.63259e-06
2412,2.75158e-06
2413,2.61760e-06
2414,2.78890e-06
2415,2.70818e-06
2416,2.75405e-06
2417,2.69310e-06
2418,2.71706e-06
2419,2.67750e-06
2420,2.59987e-06
2421,2.71434e-06
2422,2.71541e-06
2423,2.73377e-06
2424,2.73201e-06
2425,2.67528e-06
2426,2.78145e-06
2427,2.75503e-06
2428,2.72393e-06
2429,2.76623e-06
2430,2.77684e-06
2431,2.65953e-06
2432,2.67431e-06
2433,2.81582e-06
2434,2.90543e-06
2435,2.73998e-06
2436,2.82279e-06
2437,2.74323e-06
2438,2.92939e-06
2439,2.73761e-06
2440,2.83493e-06
2441,2.76321e-06
2442,2.69873e-06
2443,2.81016e-06
2444,2.65384e-06
2445,2.75708e-06
2446,2.70014e-06
2447,2.76468e-06
2448,2.75007e-06
2449,2.95333e-06
2450,2.79267e-06
2451,2.95900e-06
2452,2.82359e-06
2453,2.76405e-06
2454,2.75688e-06
2455,2.78340e-06
2456,2.77160e-06
2457,2.84054e-06
2458,2.84647e-06
2459,2.80071e-06
2460,2.84551e-06
2461,2.67974e-06
2462,2.74952e-06
2463,2.64816e-06
2464,2.66894e-06
2465,2.79222e-06
2466,2.75109e-06
2467,2.72046e-06
2468,2.73848e-06
2469,2.73963e-06
2470,2.74632e-06
2471,2.83693e-06
2472,2.76458e-06
2473,2.81453e-06
2474,2.75853e-06
2475,2.83320e-06
2476,2.88662e-06
2477,2.83942e-06
2478,2.88040e-06
2479,2.77912e-06
2480,2.73604e-06
2481,2.95295e-06
2482,2.80251e-06
2483,2.79265e-06
2484,2.83822e-06
2485,2.88364e-06
2486,2.98385e-06
2487,2.79328e-06
2488,2.67205e-06
2489,2.75037e-06
2490,2.79006e-06
2491,2.81457e-06
2492,2.78898e-06
2493,2.80944e-06
2494,2.92645e-06
2495,2.75171e-06
2496,2.79120e-06
2497,2.73008e-06
2498,2.71430e-06
2499,2.69876e-06
2500,2.79819e-06
2501,2.87226e-06
2502,2.67843e-06
2503,2.86038e-06
2504,2.68815e-06
2505,2.79281e-06
2506,2.70834e-06
2507,2.80304e-06
2508,2.91127e-06
2509,2.82589e-06
2510,2.79947e-06
2511,2.81041e-06
2512,2.73985e-06
2513,2.82504e-06
2514,2.82235e-06
2515,2.70755e-06
2516,2.72688e-06
2517,2.64609e-06
2518,2.74690e-06
2519,2.66663e-06
2520,2.62188e-06
2521,2.83110e-06
2522,2.67130e-06
2523,2.76017e-06
2524,2.80769e-06
2525,2.78681e-06
2526,3.00324e-06
2527,2.87694e-06
2528,2.89660e-06
2529,2.89303e-06
2530,2.85180e-06
2531,2.68441e-06
2532,2.79038e-06
2533,2.91743e-06
2534,2.84027e-06
2535,2.90812e-06
2536,2.70988e-06
2537,2.82862e-06
2538,2.70533e-06
2539,2.83147e-06
2540,2.82914e-06
2541,2.77338e-06
2542,2.79033e-06
2543,2.89013e-06
2544,2.73337e-06
2545,2.78218e-06
2546,2.80322e-06
2547,2.74053e-06
2548,2.71387e-06
2549,2.56160e-06
2550,2.77631e-06
2551,2.61998e-06
2552,2.66424e-06
2553,2.71831e-06
2554,2.70519e-06
2555,2.67210e-06
2556,2.69085e-06
2557,2.65670e-06
2558,2.70532e-06
2559,2.73034e-06
2560,2.69129e-06
2561,2.71702e-06
2562,2.74309e-06
2563,2.69535e-06
2564,2.75927e-06
2565,2.80754e-06
2566,2.85581e-06
2567,2.81489e-06
2568,2.88754e-06
2569,2.81910e-06
2570,2.78596e-06
2571,2.72918e-06
2572,2.73280e-06
2573,2.95755e-06
2574,2.67662e-06
2575,2.79185e-06
2576,2.91683e-06
2577,2.81615e-06
2578,2.76380e-06
2579,2.72442e-06
2580,2.71645e-06
2581,2.81087e-06
2582,2.87084e-06
2583,2.78658e-06
2584,2.82908e-06
2585,2.77450e-06
2586,2.81230e-06
2587,2.84145e-06
2588,2.81012e-06
2589,2.68000e-06
2590,2.88270e-06
2591,2.83356e-06
2592,2.80285e-06
2593,2.76510e-06
2594,2.61692e-06
2595,2.66875e-06
2596,2.62454e-06
2597,2.88720e-06
2598,2.81204e-06
2599,2.69968e-06
2600,2.79319e-06
2601,2.88760e-06
2602,2.91922e-06
2603,2.86261e-06
2604,2.88923e-06
2605,2.80936e-06
2606,2.72497e-06
2607,2.82519e-06
2608,2.81815e-06
2609,2.65222e-06
2610,2.64887e-06
2611,2.72992e-06
2612,2.87946e-06
2613,2.70525e-06
2614,2.77419e-06
2615,2.71636e-06
2616,3.01566e-06
2617,2.70498e-06
2618,2.84284e-06
2619,2.63916e-06
2620,2.69106e-06
2621,2.70142e-06
2622,2.76827e-06
2623,2.77773e-06
2624,2.70575e-06
2625,2.64805e-06
2626,2.77739e-06
2627,2.78576e-06
2628,2.60296e-06
2629,2.81959e-06
2630,2.78045e-06
2631,2.76628e-06
2632,2.76511e-06
2633,2.73364e-06
2634,2.73838e-06
2635,2.76934e-06
2636,2.85520e-06
2637,2.83758e-06
2638,2.81312e-06
2639,2.74216e-06
2640,2.81227e-06
2641,2.78607e-06
2642,2.69181e-06
2643,2.77348e-06
2644,2.81049e-06
2645,2.89601e-06
2646,2.80296e-06
2647,2.75784e-06
2648,2.69838e-06
2649,2.76614e-06
2650,2.59346e-06
2651,2.79042e-06
2652,2.72191e-06
2653,2.86957e-06
2654,2.86162e-06
2655,2.85582e-06
2656,2.92236e-06
2657,2.96792e-06
2658,2.84783e-06
2659,2.89443e-06
2660,2.85596e-06
2661,2.89276e-06
2662,3.00970e-06
2663,2.80821e-06
2664,2.90842e-06
2665,2.83209e-06
2666,2.77122e-06
2667,2.73595e-06
2668,2.67422e-06
2669,2.66531e-06
2670,2.80183e-06
2671,2.79442e-06
2672,2.78812e-06
2673,2.76481e-06
2674,2.77169e-06
2675,2.72411e-06
2676,2.80414e-06
2677,2.71686e-06
2678,2.78605e-06
2679,2.79849e-06
2680,2.78483e-06
2681,2.82351e-06
2682,2.78231e-06
2683,2.85828e-06
2684,2.93737e-06
2685,2.84364e-06
2686,2.79740e-06
2687,2.82139e-06
2688,2.85403e-06
2689,2.70176e-06
2690,2.68825e-06
2691,2.79077e-06
2692,2.68195e-06
2693,2.75673e-06
2694,2.70623e-06
2695,2.78683e-06
2696,2.81680e-06
2697,2.76219e-06
2698,2.89146e-06
2699,2.74278e-06
2700,2.79414e-06
2701,2.74161e-06
2702,2.75546e-06
2703,2.66796e-06
2704,2.82829e-06
2705,2.68734e-06
2706,2.65480e-06
2707,2.69045e-06
2708,2.58556e-06
2709,2.67263e-06
2710,2.63148e-06
2711,2.73556e-06
2712,2.45778e-06
2713,2.72061e-06
2714,2.69515e-06
2715,2.67942e-06
2716,2.68143e-06
2717,2.69865e-06
2718,2.76988e-06
2719,2.71894e-06
2720,2.84678e-06
2721,2.81031e-06
2722,2.68548e-06
2723,2.80496e-06
2724,2.84264e-06
2725,2.81287e-06
2726,2.78553e-06
2727,2.72167e-06
2728,2.82236e-06
2729,2.80493e-06
2730,2.86908e-06
2731,2.67982e-06
2732,3.04854e-06
2733,2.83128e-06
2734,2.79174e-06
2735,2.90537e-06
2736,2.88586e-06
2737,2.88197e-06
2738,2.80462e-06
2739,2.87296e-06
2740,2.84181e-06
2741,2.96230e-06
2742,2.82690e-06
2743,2.96458e-06
2744,2.93115e-06
2745,2.80266e-06
2746,2.90789e-06
2747,2.74012e-06
2748,2.79907e-06
2749,2.77133e-06
2750,2.63874e-06
2751,2.82884e-06
2752,2.90724e-06
2753,2.77958e-06
2754,2.82730e-06
2755,2.81916e-06
2756,2.75264e-06
2757,2.85572e-06
2758,2.91843e-06
2759,2.68483e-06
2760,2.81484e-06
2761,2.96264e-06
2762,2.77747e-06
2763,2.74548e-06
2764,2.86744e-06
2765,2.75323e-06
2766,2.87093e-06
2767,2.75303e-06
2768,2.94218e-06
2769,2.96660e-06
2770,2.72861e-06
2771,2.82412e-06
2772,2.79014e-06
2773,2.81831e-06
2774,2.86202e-06
2775,2.76767e-06
2776,2.73387e-06
2777,2.70423e-06
2778,2.82055e-06
2779,2.78519e-06
2780,2.85129e-06
2781,2.66167e-06
2782,2.81385e-06
2783,2.87998e-06
2784,2.90039e-06
2785,2.73961e-06
2786,2.66499e-06
2787,2.84561e-06
2788,2.98479e-06
2789,2.85568e-06
2790,2.88365e-06
2791,2.96386e-06
2792,2.79022e-06
2793,2.89682e-06
2794,2.85347e-06
2795,2.80182e-06
2796,2.78873e-06
2797,2.93184e-06
2798,2.80425e-06
2799,2.93131e-06
2800,2.95194e-06
2801,2.86207e-06
2802,2.90656e-06
2803,2.86222e-06
2804,2.95199e-06
2805,2.93206e-06
2806,2.74705e-06
2807,2.76004e-06
2808,2.70162e-06
2809,2.78026e-06
2810,2.77966e-06
2811,2.75796e-06
2812,2.69428e-06
2813,2.77203e-06
2814,2.69734e-06
2815,2.74084e-06
2816,2.68287e-06
2817,2.63170e-06
2818,2.64702e-06
2819,2.67960e-06
2820,2.82859e-06
2821,2.65137e-06
2822,2.82663e-06
2823,2.72120e-06
2824,2.76636e-06
2825,2.57397e-06
2826,2.72530e-06
2827,2.65196e-06
2828,2.66644e-06
2829,2.74424e-06
2830,2.68426e-06
2831,2.69632e-06
2832,2.67828e-06
2833,2.68239e-06
2834,2.57491e-06
2835,2.52284e-06
2836,2.68201e-06
2837,2.74612e-06
2838,2.76640e-06
2839,2.77210e-06
2840,2.58463e-06
2841,2.62391e-06
2842,2.63309e-06
2843,2.49568e-06
2844,2.73634e-06
2845,2.59127e-06
2846,2.74441e-06
2847,2.72547e-06
2848,2.72366e-06
2849,2.73534e-06
2850,2.71211e-06
2851,2.60194e-06
2852,2.71688e-06
2853,2.82665e-06
2854,2.78891e-06
2855,2.82808e-06
2856,2.67604e-06
2857,2.65345e-06
2858,2.73487e-06
2859,2.74749e-06
2860,2.78369e-06
2861,2.73568e-06
2862,2.75094e-06
2863,2.67990e-06
2864,2.62081e-06
2865,2.68157e-06
2866,2.68194e-06
2867,2.77184e-06
2868,2.76850e-06
2869,2.75496e-06
2870,2.77600e-06
2871,2.85506e-06
2872,2.82200e-06
2873,2.76519e-06
2874,2.75845e-06
2875,2.55372e-06
2876,2.69317e-06
2877,2.84349e-06
2878,2.75628e-06
2879,2.62797e-06
2880,2.63066e-06
2881,2.65266e-06
2882,2.65933e-06
2883,2.70705e-06
2884,2.89221e-06
2885,2.78005e-06
2886,2.80914e-06
2887,2.81122e-06
2888,2.61534e-06
2889,2.74148e-06
2890,2.69628e-06
2891,2.68790e-06
2892,2.75832e-06
2893,2.63209e-06
2894,2.68706e-06
2895,2.65945e-06
2896,2.75174e-06
2897,2.73748e-06
2898,2.82980e-06
2899,2.80566e-06
2900,2.63217e-06
2901,2.87428e-06
2902,2.77913e-06
2903,2.79077e-06
2904,2.88373e-06
2905,2.81792e-06
2906,2.83777e-06
2907,2.76520e-06
2908,2.87026e-06
2909,2.78021e-06
2910,2.85569e-06
2911,2.77915e-06
2912,2.87401e-06
2913,2.77556e-06
2914,2.79511e-06
2915,2.78154e-06
2916,2.55811e-06
2917,2.72939e-06
2918,2.67852e-06
2919,2.73746e-06
2920,2.65043e-06
2921,2.63930e-06
2922,2.64469e-06
2923,2.88254e-06
2924,2.86644e-06
2925,2.77149e-06
2926,2.88322e-06
2927,2.71742e-06
2928,2.88448e-06
2929,2.67018e-06
2930,2.86517e-06
2931,2.76996e-06
2932,2.74292e-06
2933,2.80385e-06
2934,2.75966e-06
2935,2.72326e-06
2936,2.62776e-06
2937,2.72460e-06
2938,2.84220e-06
2939,2.84080e-06
2940,2.72296e-06
2941,2.80682e-06
2942,2.67911e-06
2943,2.92640e-06
2944,2.76899e-06
2945,2.67460e-06
2946,2.73566e-06
2947,2.70396e-06
2948,2.87157e-06
2949,2.78816e-06
2950,2.81597e-06
2951,2.82633e-06
2952,2.81142e-06
2953,2.77088e-06
2954,2.94640e-06
2955,2.75034e-06
2956,2.79866e-06
2957,2.93379e-06
2958,2.71716e-06
2959,2.95092e-06
2960,2.89583e-06
2961,2.93664e-06
2962,2.84771e-06
2963,2.85534e-06
2964,2.77794e-06
2965,2.76721e-06
2966,2.96741e-06
2967,2.76485e-06
2968,2.74264e-06
2969,2.82016e-06
2970,2.78357e-06
2971,2.76273e-06
2972,2.83679e-06
2973,2.85010e-06
2974,2.77847e-06
2975,2.73098e-06
2976,2.75966e-06
2977,2.74194e-06
2978,2.65666e-06
2979,2.71062e-06
2980,2.79143e-06
2981,2.72823e-06
2982,2.89780e-06
2983,2.85923e-06
2984,2.68566e-06
2985,2.94205e-06
2986,2.90429e-06
2987,2.79296e-06
2988,2.99370e-06
2989,2.87183e-06
2990,2.78107e-06
2991,2.89581e-06
2992,2.77428e-06
2993,2.80687e-06
2994,2.73035e-06
2995,2.77416e-06
2996,2.80751e-06
2997,2.86521e-06
2998,2.81424e-06
2999,2.85820e-06
3000,2.81711e-06
3001,2.87102e-06
3002,2.88275e-06
3003,2.78043e-06
3004,2.87608e-06
3005,2.92220e-06
3006,2.84584e-06
3007,2.89141e-06
3008,2.78197e-06
3009,2.86780e-06
3010,2.86079e-06
3011,2.94250e-06
3012,2.81319e-06
3013,2.77778e-06
3014,2.91759e-06
3015,2.82384e-06
3016,2.85090e-06
3017,2.80371e-06
3018,2.87183e-06
3019,2.81153e-06
3020,2.98114e-06
3021,2.87780e-06
3022,2.93632e-06
3023,2.87989e-06
3024,2.85846e-06
3025,2.88208e-06
3026,3.00335e-06
3027,2.86500e-06
3028,2.75345e-06
3029,2.89840e-06
3030,2.84779e-06
3031,2.79720e-06
3032,2.75061e-06
3033,2.83543e-06
3034,2.89024e-06
3035,2.78160e-06
3036,2.81533e-06
3037,2.86698e-06
3038,2.85815e-06
3039,2.80275e-06
3040,2.80641e-06
3041,2.79176e-06
3042,2.78628e-06
3043,2.73618e-06
3044,2.76763e-06
3045,2.63167e-06
3046,2.80515e-06
3047,2.85301e-06
3048,2.82804e-06
3049,2.76351e-06
3050,2.86604e-06
3051,2.83895e-06
3052,2.90018e-06
3053,2.86635e-06
3054,2.96839e-06
3055,2.89205e-06
3056,2.94495e-06
3057,2.89231e-06
3058,2.92737e-06
3059,2.91246e-06
3060,2.83424e-06
3061,2.86554e-06
3062,2.83116e-06
3063,2.75994e-06
3064,2.81831e-06
3065,2.79484e-06
3066,2.75002e-06
3067,2.84169e-06
3068,2.81104e-06
3069,2.85086e-06
3070,2.79954e-06
3071,2.83706e-06
3072,2.85820e-06
3073,2.83476e-06
3074,2.89767e-06
3075,2.86661e-06
3076,2.77876e-06
3077,2.96924e-06
3078,2.82646e-06
3079,2.84190e-06
3080,2.80252e-06
3081,2.87802e-06
3082,2.84129e-06
3083,2.94667e-06
3084,2.74190e-06
3085,2.91839e-06
3086,2.81284e-06
3087,2.68497e-06
3088,2.79519e-06
3089,2.83660e-06
3090,2.88143e-06
3091,2.97948e-06
3092,3.00389e-06
3093,2.84737e-06
3094,2.86639e-06
3095,2.90831e-06
3096,2.90712e-06
3097,2.81867e-06
3098,2.72262e-06
3099,2.82877e-06
3100,2.73357e-06
3101,2.77459e-06
3102,2.86787e-06
3103,2.60957e-06
3104,2.77268e-06
3105,2.81378e-06
3106,2.73010e-06
3107,2.81419e-06
3108,2.76932e-06
3109,2.75525e-06
3110,2.85716e-06
3111,2.85167e-06
3112,2.93075e-06
3113,2.81630e-06
3114,2.76226e-06
3115,2.94109e-06
3116,2.87044e-06
3117,2.63525e-06
3118,2.75585e-06
3119,2.70978e-06
3120,2.81391e-06
3121,2.86019e-06
3122,2.70556e-06
3123,2.85526e-06
3124,2.85932e-06
3125,2.69883e-06
3126,2.95653e-06
3127,2.82606e-06
3128,2.85547e-06
3129,2.83528e-06
3130,3.02791e-06
3131,2.96259e-06
3132,3.00848e-06
3133,2.92130e-06
3134,2.84583e-06
3135,2.93588e-06
3136,2.78905e-06
3137,2.79771e-06
3138,2.82429e-06
3139,2.82155e-06
3140,2.81169e-06
3141,2.89679e-06
3142,2.80215e-06
3143,2.78981e-06
3144,2.94243e-06
3145,2.88839e-06
3146,2.96477e-06
3147,2.93211e-06
3148,2.93076e-06
3149,2.89825e-06
3150,2.81034e-06
3151,2.81260e-06
3152,2.95902e-06
3153,2.76385e-06
3154,2.79336e-06
3155,2.92024e-06
3156,2.83911e-06
3157,2.91046e-06
3158,2.95120e-06
3159,3.04299e-06
3160,2.83588e-06
3161,2.99320e-06
3162,2.88223e-06
3163,2.91728e-06
3164,2.76813e-06
3165,2.83810e-06
3166,2.81320e-06
3167,2.74266e-06
3168,2.76299e-06
3169,2.83557e-06
3170,2.81993e-06
3171,2.99101e-06
3172,2.96060e-06
3173,2.87703e-06
3174,3.02081e-06
3175,2.92832e-06
3176,2.91475e-06
3177,2.82180e-06
3178,2.91071e-06
3179,2.95211e-06
3180,2.81790e-06
3181,2.90647e-06
3182,2.86611e-06
3183,2.78758e-06
3184,3.01000e-06
3185,2.91861e-06
3186,3.02150e-06
3187,3.01414e-06
3188,2.95411e-06
3189,2.90102e-06
3190,3.01611e-06
3191,2.99773e-06
3192,2.82075e-06
3193,2.87657e-06
3194,2.90947e-06
3195,3.01919e-06
3196,3.01103e-06
3197,2.94953e-06
3198,3.06929e-06
3199,3.06124e-06
3200,2.90679e-06
3201,2.94087e-06
3202,2.84958e-06
3203,2.84854e-06
3204,2.85118e-06
3205,2.79473e-06
3206,2.81676e-06
3207,2.81338e-06
3208,2.85517e-06
3209,2.86139e-06
3210,2.81643e-06
3211,2.86214e-06
3212,2.92423e-06
3213,2.93272e-06
3214,2.99661e-06
3215,2.96721e-06
3216,2.84796e-06
3217,2.98232e-06
3218,2.90052e-06
3219,3.07332e-06
3220,2.94761e-06
3221,2.94664e-06
3222,2.87850e-06
3223,2.83436e-06
3224,2.93032e-06
3225,2.87483e-06
3226,2.88572e-06
3227,2.73238e-06
3228,2.77849e-06
3229,2.74977e-06
3230,2.82418e-06
3231,2.84356e-06
3232,2.69169e-06
3233,2.78024e-06
3234,2.89507e-06
3235,2.86588e-06
3236,2.76172e-06
3237,3.00877e-06
3238,2.89246e-06
3239,2.88756e-06
3240,2.89906e-06
3241,2.81477e-06
3242,2.68615e-06
3243,2.74604e-06
3244,2.90610e-06
3245,2.96942e-06
3246,2.93688e-06
3247,2.82669e-06
3248,2.80840e-06
3249,2.74742e-06
3250,2.77615e-06
3251,2.81523e-06
3252,2.91320e-06
3253,2.89988e-06
3254,3.00723e-06
3255,2.90904e-06
3256,3.01300e-06
3257,2.98508e-06
3258,3.04394e-06
3259,3.05952e-06
3260,2.93673e-06
3261,2.97175e-06
3262,2.88814e-06
3263,2.95475e-06
3264,2.91118e-06
3265,2.90137e-06
3266,2.84629e-06
3267,2.91173e-06
3268,2.92612e-06
3269,2.96062e-06
3270,2.97487e-06
3271,2.84182e-06
3272,2.86699e-06
3273,3.00745e-06
3274,2.76689e-06
3275,3.04346e-06
3276,2.95701e-06
3277,2.84739e-06
3278,2.94140e-06
3279,3.06028e-06
3280,2.90082e-06
3281,2.95078e-06
3282,2.99430e-06
3283,2.93636e-06
3284,2.86339e-06
3285,2.89815e-06
3286,2.99579e-06
3287,2.86296e-06
3288,2.77836e-06
3289,2.86461e-06
3290,2.84674e-06
3291,2.77175e-06
3292,2.82414e-06
3293,2.86777e-06
3294,2.69696e-06
3295,2.79479e-06
3296,3.00968e-06
3297,2.87093e-06
3298,2.86330e-06
3299,2.70369e-06
3300,2.78851e-06
3301,2.81880e-06
3302,2.74992e-06
3303,2.76007e-06
3304,2.80227e-06
3305,2.77200e-06
3306,2.79549e-06
3307,2.92526e-06
3308,2.86321e-06
3309,3.01171e-06
3310,2.87817e-06
3311,2.92105e-06
3312,2.99507e-06
3313,2.88055e-06
3314,2.83568e-06
3315,2.76753e-06
3316,2.83355e-06
3317,2.83043e-06
3318,2.79070e-06
3319,2.77471e-06
3320,2.78333e-06
3321,2.78487e-06
3322,2.88596e-06
3323,2.85872e-06
3324,2.84743e-06
3325,3.06544e-06
3326,2.76004e-06
3327,2.90735e-06
3328,2.96329e-06
3329,2.95099e-06
3330,2.84140e-06
3331,2.80201e-06
3332,2.78974e-06
3333,2.78717e-06
3334,2.81511e-06
3335,2.82634e-06
3336,3.02696e-06
3337,2.74745e-06
3338,2.81088e-06
3339,2.79366e-06
3340,2.84231e-06
3341,2.91553e-06
3342,2.87317e-06
3343,3.02727e-06
3344,2.95900e-06
3345,3.01392e-06
3346,2.85182e-06
3347,2.85323e-06
3348,2.88297e-06
3349,2.91747e-06
3350,2.91541e-06
3351,2.91230e-06
3352,3.00865e-06
3353,3.15352e-06
3354,2.84000e-06
3355,2.99128e-06
3356,3.01128e-06
3357,3.15924e-06
3358,2.98712e-06
3359,2.98438e-06
3360,2.87366e-06
3361,2.92746e-06
3362,2.94165e-06
3363,3.07971e-06
3364,3.04512e-06
3365,2.92465e-06
3366,2.87753e-06
3367,3.04775e-06
3368,3.04352e-06
3369,2.98998e-06
3370,3.03185e-06
3371,2.97330e-06
3372,2.96593e-06
3373,2.78267e-06
3374,2.89404e-06
3375,2.94147e-06
3376,3.07495e-06
3377,2.89597e-06
3378,2.76697e-06
3379,2.87124e-06
3380,2.82517e-06
3381,2.90003e-06
3382,2.84407e-06
3383,2.83821e-06
3384,2.87039e-06
3385,2.89052e-06
3386,2.73809e-06
3387,2.95181e-06
3388,2.76554e-06
3389,2.85957e-06
3390,2.93258e-06
3391,2.81568e-06
3392,2.86917e-06
3393,2.88458e-06
3394,2.86209e-06
3395,2.89021e-06
3396,2.78539e-06
3397,2.66629e-06
3398,2.83336e-06
3399,2.76983e-06
3400,2.78055e-06
3401,2.90451e-06
3402,2.84991e-06
3403,2.83666e-06
3404,2.88004e-06
3405,2.82326e-06
3406,2.73688e-06
3407,2.91597e-06
3408,2.85416e-06
3409,2.75668e-06
3410,2.84219e-06
3411,3.02657e-06
3412,2.94232e-06
3413,2.83702e-06
3414,2.71161e-06
3415,2.70736e-06
3416,2.70364e-06
3417,2.84894e-06
3418,2.87633e-06
3419,2.71377e-06
3420,2.79061e-06
3421,2.82418e-06
3422,2.68428e-06
3423,2.94780e-06
3424,2.84736e-06
3425,2.78293e-06
3426,2.86240e-06
3427,2.78645e-06
3428,2.89198e-06
3429,2.78064e-06
3430,2.80007e-06
3431,2.98654e-06
3432,2.84929e-06
3433,2.87590e-06
3434,2.81640e-06
3435,2.89379e-06
3436,2.75586e-06
3437,2.92059e-06
3438,2.75453e-06
3439,2.83229e-06
3440,2.81539e-06
3441,2.82165e-06
3442,2.83632e-06
3443,2.90659e-06
3444,2.84995e-06
3445,2.95937e-06
3446,2.80958e-06
3447,2.84795e-06
3448,2.80910e-06
3449,2.82714e-06
3450,2.61847e-06
3451,2.78174e-06
3452,2.79039e-06
3453,2.80969e-06
3454,2.73745e-06
3455,2.75666e-06
3456,2.78887e-06
3457,2.85174e-06
3458,2.67512e-06
3459,2.79661e-06
3460,2.70994e-06
3461,2.77964e-06
3462,2.82398e-06
3463,2.73185e-06
3464,2.71883e-06
3465,2.76491e-06
3466,2.65702e-06
3467,2.72321e-06
3468,2.78017e-06
3469,2.82817e-06
3470,2.71752e-06
3471,2.61639e-06
3472,2.77022e-06
3473,2.90349e-06
3474,2.78843e-06
3475,2.71340e-06
3476,2.79328e-06
3477,2.71109e-06
3478,2.69636e-06
3479,2.86417e-06
3480,2.81814e-06
3481,2.81925e-06
3482,2.71442e-06
3483,2.76558e-06
3484,2.82885e-06
3485,2.78107e-06
3486,2.88173e-06
3487,2.95251e-06
3488,2.79438e-06
3489,2.78579e-06
3490,2.80546e-06
3491,2.76848e-06
3492,2.79085e-06
3493,2.86771e-06
3494,2.75311e-06
3495,2.76296e-06
3496,2.86475e-06
3497,2.78418e-06
3498,2.67850e-06
3499,2.78070e-06
3500,2.87466e-06
3501,2.75924e-06
3502,2.80942e-06
3503,2.71658e-06
3504,2.81458e-06
3505,2.83670e-06
3506,2.87920e-06
3507,2.88296e-06
3508,2.90428e-06
3509,2.87027e-06
3510,2.70103e-06
3511,2.72695e-06
3512,2.89051e-06
3513,2.85022e-06
3514,2.78953e-06
3515,2.72744e-06
3516,2.85985e-06
3517,2.89764e-06
3518,2.84339e-06
3519,2.89162e-06
3520,2.78021e-06
3521,2.87178e-06
3522,2.79082e-06
3523,2.79057e-06
3524,2.78936e-06
3525,2.80920e-06
3526,2.72234e-06
3527,2.67197e-06
3528,2.77809e-06
3529,2.71192e-06
3530,2.76418e-06
3531,2.77658e-06
3532,2.75427e-06
3533,2.66255e-06
3534,2.67394e-06
3535,2.71232e-06
3536,2.77191e-06
3537,2.74608e-06
3538,2.64148e-06
3539,2.68452e-06
3540,2.71307e-06
3541,2.57025e-06
3542,2.64521e-06
3543,2.62442e-06
3544,2.80715e-06
3545,2.72976e-06
3546,2.75635e-06
3547,2.89659e-06
3548,2.77901e-06
3549,2.70900e-06
3550,2.64153e-06
3551,2.70672e-06
3552,2.66900e-06
3553,2.76551e-06
3554,2.67850e-06
3555,2.70760e-06
3556,2.70478e-06
3557,2.68995e-06
3558,2.75007e-06
3559,2.84542e-06
3560,2.87915e-06
3561,2.70018e-06
3562,2.79893e-06
3563,2.63697e-06
3564,2.63069e-06
3565,2.81543e-06
3566,2.64666e-06
3567,2.87443e-06
3568,2.68904e-06
3569,2.72188e-06
3570,2.74092e-06
3571,2.73060e-06
3572,2.73561e-06
3573,2.82411e-06
3574,2.76089e-06
3575,2.91009e-06
3576,2.67968e-06
3577,2.76383e-06
3578,2.70497e-06
3579,2.82169e-06
3580,2.62840e-06
3581,2.78683e-06
3582,2.63487e-06
3583,2.63006e-06
3584,2.66639e-06
3585,2.76826e-06
3586,2.55468e-06
3587,2.75827e-06
3588,2.67267e-06
3589,2.72512e-06
3590,2.60549e-06
3591,2.59391e-06
3592,2.81523e-06
3593,2.80678e-06
3594,2.73085e-06
3595,2.65831e-06
3596,2.70318e-06
3597,2.72548e-06
3598,2.75186e-06
3599,2.64675e-06
3600,2.76558e-06
3601,2.70030e-06
3602,2.76365e-06
3603,2.79969e-06
3604,2.78729e-06
3605,2.77070e-06
3606,2.75650e-06
3607,2.75594e-06
3608,2.77609e-06
3609,2.72283e-06
3610,2.70156e-06
3611,2.61760e-06
3612,2.67715e-06
3613,2.78741e-06
3614,2.88371e-06
3615,2.81236e-06
3616,2.74882e-06
3617,2.74549e-06
3618,2.80460e-06
3619,2.81257e-06
3620,2.69131e-06
3621,2.90084e-06
3622,2.87983e-06
3623,2.72558e-06
3624,2.79074e-06
3625,2.88860e-06
3626,2.76176e-06
3627,2.88601e-06
3628,3.02076e-06
3629,2.77564e-06
3630,2.90774e-06
3631,2.83368e-06
3632,2.74598e-06
3633,2.88644e-06
3634,2.95885e-06
3635,2.79012e-06
3636,2.94639e-06
3637,2.87587e-06
3638,2.77303e-06
3639,2.93693e-06
3640,2.79260e-06
3641,2.99922e-06
3642,2.99354e-06
3643,2.76082e-06
3644,2.81099e-06
3645,2.74619e-06
3646,2.74886e-06
3647,2.84275e-06
3648,2.97797e-06
3649,2.90264e-06
3650,2.74824e-06
3651,2.83313e-06
3652,2.87588e-06
3653,2.94746e-06
3654,2.82463e-06
3655,2.96269e-06
3656,2.88531e-06
3657,2.97709e-06
3658,2.88611e-06
3659,2.92714e-06
3660,2.82880e-06
3661,2.87292e-06
3662,2.83183e-06
3663,2.81176e-06
3664,2.94625e-06
3665,2.86415e-06
3666,2.85467e-06
3667,2.94923e-06
3668,2.79439e-06
3669,2.88381e-06
3670,2.96554e-06
3671,2.94753e-06
3672,2.88150e-06
3673,2.95100e-06
3674,2.77068e-06
3675,2.91080e-06
3676,2.90123e-06
3677,2.84917e-06
3678,2.80141e-06
3679,2.90714e-06
3680,2.87150e-06
3681,2.81714e-06
3682,2.94111e-06
3683,2.83394e-06
3684,2.84359e-06
3685,2.89486e-06
3686,2.84568e-06
3687,3.02296e-06
3688,2.72009e-06
3689,2.75429e-06
3690,2.84800e-06
3691,2.85889e-06
3692,2.74237e-06
3693,2.87179e-06
3694,2.73580e-06
3695,2.86508e-06
3696,2.85184e-06
3697,2.96366e-06
3698,2.80126e-06
3699,2.79014e-06
3700,2.79483e-06
3701,2.91301e-06
3702,2.98816e-06
3703,2.77551e-06
3704,2.82977e-06
3705,3.00106e-06
3706,2.94888e-06
3707,2.94081e-06
3708,2.99445e-06
3709,3.00113e-06
3710,2.90638e-06
3711,2.97979e-06
3712,2.87257e-06
3713,2.94182e-06
3714,3.02278e-06
3715,3.03517e-06
3716,2.97478e-06
3717,2.91787e-06
3718,2.90433e-06
3719,2.83292e-06
3720,3.02587e-06
3721,2.91987e-06
3722,2.86799e-06
3723,2.94274e-06
3724,2.93405e-06
3725,2.96418e-06
3726,2.94748e-06
3727,2.85499e-06
3728,2.88817e-06
3729,2.85006e-06
3730,2.76884e-06
3731,2.73003e-06
3732,2.97245e-06
3733,2.84834e-06
3734,2.86719e-06
3735,3.04425e-06
3736,2.83848e-06
3737,2.92302e-06
3738,2.93909e-06
3739,2.93873e-06
3740,2.92260e-06
3741,2.89665e-06
3742,2.88948e-06
3743,3.02104e-06
3744,2.92028e-06
3745,2.99710e-06
3746,2.88529e-06
3747,2.85947e-06
3748,2.77243e-06
3749,2.96574e-06
3750,2.98924e-06
3751,2.85967e-06
3752,2.92336e-06
3753,2.90130e-06
3754,3.00068e-06
3755,2.91926e-06
3756,2.98468e-06
3757,3.04147e-06
3758,2.90191e-06
3759,2.95141e-06
3760,2.80897e-06
3761,2.91596e-06
3762,2.90670e-06
3763,2.81438e-06
3764,2.86517e-06
3765,2.77990e-06
3766,2.98427e-06
3767,2.85044e-06
3768,2.88205e-06
3769,2.89885e-06
3770,2.93534e-06
3771,2.91087e-06
3772,2.95042e-06
3773,3.02443e-06
3774,3.12234e-06
3775,3.02491e-06
3776,3.03763e-06
3777,3.09209e-06
3778,2.88135e-06
3779,2.98838e-06
3780,2.92265e-06
3781,2.89946e-06
3782,2.85366e-06
3783,2.95193e-06
3784,2.76743e-06
3785,2.77126e-06
3786,2.77591e-06
3787,2.83164e-06
3788,2.82705e-06
3789,2.67075e-06
3790,2.75515e-06
3791,2.72348e-06
3792,2.84931e-06
3793,2.81254e-06
3794,2.84311e-06
3795,2.94215e-06
3796,2.85230e-06
3797,2.99699e-06
3798,2.85263e-06
3799,2.94597e-06
3800,2.85490e-06
3801,2.88861e-06
3802,2.74025e-06
3803,2.85070e-06
3804,2.89026e-06
3805,2.74117e-06
3806,2.95497e-06
3807,2.85224e-06
3808,2.96855e-06
3809,3.00000e-06
3810,2.98869e-06
3811,2.96642e-06
3812,2.86380e-06
3813,2.95580e-06
3814,2.80138e-06
3815,2.80183e-06
3816,2.81251e-06
3817,2.88906e-06
3818,2.81192e-06
3819,2.98361e-06
3820,2.85686e-06
3821,3.01522e-06
3822,2.94578e-06
3823,2.88135e-06
3824,2.90425e-06
3825,2.94590e-06
3826,2.97108e-06
3827,2.90213e-06
3828,2.97758e-06
3829,3.03661e-06
3830,3.02067e-06
3831,2.94438e-06
3832,3.00624e-06
3833,2.93733e-06
3834,2.89574e-06
3835,2.94723e-06
3836,2.99107e-06
3837,2.90547e-06
3838,2.96236e-06
3839,3.00898e-06
3840,2.99489e-06
3841,2.82730e-06
3842,2.87235e-06
3843,2.90148e-06
3844,2.91875e-06
3845,2.95354e-06
3846,2.86626e-06
3847,2.87375e-06
3848,2.94767e-06
3849,2.86033e-06
3850,2.90098e-06
3851,2.86642e-06
3852,2.76535e-06
3853,2.81667e-06
3854,3.02464e-06
3855,2.87216e-06
3856,2.85802e-06
3857,3.05831e-06
3858,2.93921e-06
3859,2.78856e-06
3860,2.84174e-06
3861,2.61676e-06
3862,2.71491e-06
3863,2.86860e-06
3864,2.97925e-06
3865,2.81099e-06
3866,2.83292e-06
3867,2.88545e-06
3868,2.78898e-06
3869,2.84735e-06
3870,2.74656e-06
3871,2.87202e-06
3872,2.82840e-06
3873,2.77443e-06
3874,2.85828e-06
3875,2.88914e-06
3876,2.83695e-06
3877,2.81587e-06
3878,2.88767e-06
3879,2.77946e-06
3880,2.85957e-06
3881,2.93281e-06
3882,2.73755e-06
3883,2.89706e-06
3884,2.75609e-06
3885,2.85529e-06
3886,2.80468e-06
3887,2.77380e-06
3888,2.72775e-06
3889,2.88046e-06
3890,2.78914e-06
3891,2.89090e-06
3892,2.89452e-06
3893,2.84982e-06
3894,2.80368e-06
3895,2.94799e-06
3896,2.90380e-06
3897,2.82825e-06
3898,2.80431e-06
3899,2.94535e-06
3900,2.91109e-06
3901,2.92811e-06
3902,2.94391e-06
3903,2.81914e-06
3904,2.83781e-06
3905,2.81577e-06
3906,2.86642e-06
3907,2.82259e-06
3908,2.93881e-06
3909,2.78184e-06
3910,2.81569e-06
3911,2.94231e-06
3912,2.78447e-06
3913,2.83168e-06
3914,2.64284e-06
3915,2.85762e-06
3916,2.88749e-06
3917,2.78535e-06
3918,2.74783e-06
3919,2.78707e-06
3920,2.98537e-06
3921,2.82814e-06
3922,2.88080e-06
3923,2.84965e-06
3924,2.82711e-06
3925,2.86474e-06
3926,2.91794e-06
3927,2.87540e-06
3928,2.92155e-06
3929,2.87898e-06
3930,2.86128e-06
3931,2.79400e-06
3932,2.81881e-06
3933,2.91065e-06
3934,2.88098e-06
3935,2.74315e-06
3936,2.93546e-06
3937,2.94228e-06
3938,2.78546e-06
3939,2.77905e-06
3940,2.87730e-06
3941,2.75011e-06
3942,2.82430e-06
3943,2.75784e-06
3944,2.81841e-06
3945,2.84164e-06
3946,2.97854e-06
3947,2.86452e-06
3948,2.92335e-06
3949,2.89068e-06
3950,2.89912e-06
3951,2.86431e-06
3952,2.88292e-06
3953,2.97593e-06
3954,2.97385e-06
3955,2.90790e-06
3956,2.83672e-06
3957,2.99229e-06
3958,2.89275e-06
3959,2.94029e-06
3960,2.81169e-06
3961,2.72817e-06
3962,2.94246e-06
3963,2.95529e-06
3964,2.81497e-06
3965,2.92057e-06
3966,3.00189e-06
3967,2.90011e-06
3968,2.88640e-06
3969,3.02979e-06
3970,2.99804e-06
3971,3.04572e-06
3972,2.97167e-06
3973,2.93423e-06
3974,2.96192e-06
3975,2.85096e-06
3976,3.04243e-06
3977,2.84459e-06
3978,2.92646e-06
3979,3.02712e-06
3980,2.95935e-06
3981,3.07140e-06
3982,2.90494e-06
3983,2.98327e-06
3984,2.92529e-06
3985,2.93506e-06
3986,2.88676e-06
3987,2.87895e-06
3988,2.87114e-06
3989,2.92587e-06
3990,2.81602e-06
3991,2.88666e-06
3992,2.93892e-06
3993,3.04648e-06
3994,2.90669e-06
3995,2.92925e-06
3996,2.91452e-06
3997,2.93378e-06
3998,2.92418e-06
3999,2.87803e-06
4000,2.91542e-06
4001,2.85882e-06
4002,2.96393e-06
4003,2.84853e-06
4004,2.96635e-06
4005,3.04134e-06
4006,2.91203e-06
4007,2.77492e-06
4008,2.85390e-06
4009,2.82762e-06
4010,2.90265e-06
4011,2.94803e-06
4012,2.89643e-06
4013,2.82353e-06
4014,2.98095e-06
4015,2.82976e-06
4016,2.87189e-06
4017,2.85159e-06
4018,2.77852e-06
4019,2.85564e-06
4020,2.90298e-06
4021,2.85435e-06
4022,2.85243e-06
4023,2.86364e-06
4024,2.78056e-06
4025,3.01650e-06
4026,2.91543e-06
4027,2.97427e-06
4028,2.80960e-06
4029,2.86320e-06
4030,2.85839e-06
4031,2.95584e-06
4032,2.89173e-06
4033,2.84292e-06
4034,2.79137e-06
4035,2.80926e-06
4036,2.89103e-06
4037,2.79609e-06
4038,2.95039e-06
4039,2.89283e-06
4040,2.85953e-06
4041,2.89262e-06
4042,2.83038e-06
4043,2.81827e-06
4044,2.88420e-06
4045,2.91399e-06
4046,2.63873e-06
4047,2.70702e-06
4048,2.83044e-06
4049,2.75904e-06
4050,2.86861e-06
4051,2.87120e-06
4052,2.76552e-06
4053,2.92583e-06
4054,2.87262e-06
4055,2.81225e-06
4056,2.89155e-06
4057,2.86516e-06
4058,2.77351e-06
4059,2.73547e-06
4060,2.73926e-06
4061,2.72013e-06
4062,2.91346e-06
4063,2.81989e-06
4064,2.86848e-06
4065,2.89182e-06
4066,2.83573e-06
4067,2.87235e-06
4068,2.85489e-06
4069,2.86940e-06
4070,2.85861e-06
4071,2.80662e-06
4072,2.98332e-06
4073,2.80355e-06
4074,2.87814e-06
4075,2.87201e-06
4076,2.86851e-06
4077,2.85664e-06
4078,2.72568e-06
4079,2.79866e-06
4080,2.75144e-06
4081,2.78070e-06
4082,2.79268e-06
4083,2.87117e-06
4084,2.84102e-06
4085,2.84167e-06
4086,2.89625e-06
4087,2.65203e-06
4088,2.77337e-06
4089,2.76173e-06
4090,2.73913e-06
4091,2.83166e-06
4092,2.78043e-06
4093,2.81315e-06
4094,2.90494e-06
4095,2.71140e-06
4096,2.65200e-06
4097,2.80511e-06
4098,2.85642e-06
4099,2.77565e-06
4100,2.82917e-06
4101,2.80007e-06
4102,2.95194e-06
4103,2.93005e-06
4104,2.80590e-06
4105,2.82545e-06
4106,2.76269e-06
4107,2.87937e-06
4108,2.78953e-06
4109,2.78472e-06
4110,2.84781e-06
4111,2.79358e-06
4112,2.81162e-06
4113,2.79083e-06
4114,2.72726e-06
4115,2.94902e-06
4116,2.77548e-06
4117,2.90589e-06
4118,3.04385e-06
4119,2.85599e-06
4120,2.82889e-06
4121,2.93605e-06
4122,3.01921e-06
4123,2.92497e-06
4124,2.85419e-06
4125,2.94065e-06
4126,2.88806e-06
4127,2.78599e-06
4128,2.92076e-06
4129,2.98411e-06
4130,2.97086e-06
4131,2.83826e-06
4132,2.90355e-06
4133,2.96197e-06
4134,3.01822e-06
4135,2.95080e-06
4136,2.93373e-06
4137,2.87628e-06
4138,3.12320e-06
4139,2.86730e-06
4140,2.83654e-06
4141,2.80018e-06
4142,2.84832e-06
4143,2.80955e-06
4144,2.89932e-06
4145,2.80909e-06
4146,2.85362e-06
4147,2.78554e-06
4148,2.69629e-06
4149,2.70317e-06
4150,2.83695e-06
4151,2.82476e-06
4152,2.78049e-06
4153,2.86213e-06
4154,2.90198e-06
4155,2.89912e-06
4156,2.86043e-06
4157,2.91242e-06
4158,2.75127e-06
4159,2.83033e-06
4160,2.90343e-06
4161,2.90572e-06
4162,2.82600e-06
4163,2.80903e-06
4164,2.78548e-06
4165,2.91980e-06
4166,2.86627e-06
4167,2.92977e-06
4168,2.85634e-06
4169,2.90717e-06
4170,2.84323e-06
4171,2.93145e-06
4172,2.84958e-06
4173,2.83067e-06
4174,2.94065e-06
4175,2.88686e-06
4176,2.82740e-06
4177,2.94003e-06
4178,2.78170e-06
4179,2.92184e-06
4180,2.90591e-06
4181,2.91460e-06
4182,2.80257e-06
4183,2.85884e-06
4184,2.95361e-06
4185,3.00455e-06
4186,2.88097e-06
4187,2.94492e-06
4188,2.90744e-06
4189,2.99487e-06
4190,2.83200e-06
4191,2.96559e-06
4192,2.85577e-06
4193,2.82170e-06
4194,2.75490e-06
4195,2.84815e-06
4196,2.94801e-06
4197,2.85465e-06
4198,2.84234e-06
4199,2.84835e-06
4200,2.84401e-06
4201,2.83385e-06
4202,2.76093e-06
4203,2.73381e-06
4204,2.88066e-06
4205,2.64674e-06
4206,2.88252e-06
4207,2.76181e-06
4208,2.76092e-06
4209,2.87867e-06
4210,2.87697e-06
4211,2.93630e-06
4212,2.77885e-06
4213,2.92314e-06
4214,2.91910e-06
4215,2.87213e-06
4216,2.88325e-06
4217,2.90393e-06
4218,2.85315e-06
4219,2.89673e-06
4220,2.91027e-06
4221,2.79992e-06
4222,2.89850e-06
4223,2.90315e-06
4224,2.86459e-06
4225,2.82072e-06
4226,2.98016e-06
4227,2.98724e-06
4228,2.88417e-06
4229,2.94786e-06
4230,2.87053e-06
4231,2.94685e-06
4232,2.69394e-06
4233,2.72453e-06
4234,2.80614e-06
4235,2.74287e-06
4236,2.85118e-06
4237,2.67202e-06
4238,2.83096e-06
4239,2.87406e-06
4240,2.75990e-06
4241,2.90973e-06
4242,2.80659e-06
4243,2.75971e-06
4244,2.86526e-06
4245,2.98636e-06
4246,2.91345e-06
4247,2.93235e-06
4248,2.88283e-06
4249,2.97727e-06
4250,2.88733e-06
4251,2.84775e-06
4252,2.85261e-06
4253,2.80624e-06
4254,2.77131e-06
4255,2.77096e-06
4256,2.74976e-06
4257,2.79315e-06
4258,2.80260e-06
4259,2.85032e-06
4260,2.80293e-06
4261,2.84183e-06
4262,2.75393e-06
4263,2.77423e-06
4264,2.72779e-06
4265,2.78739e-06
4266,2.83280e-06
4267,2.66117e-06
4268,2.83876e-06
4269,3.01436e-06
4270,2.94050e-06
4271,2.70973e-06
4272,2.92032e-06
4273,2.85977e-06
4274,2.82008e-06
4275,2.87488e-06
4276,2.87650e-06
4277,2.76559e-06
4278,2.82022e-06
4279,2.86800e-06
4280,2.90529e-06
4281,2.85835e-06
4282,2.76695e-06
4283,2.85050e-06
4284,2.99375e-06
4285,2.87702e-06
4286,2.71567e-06
4287,2.73758e-06
4288,2.81264e-06
4289,2.74919e-06
4290,2.74739e-06
4291,2.71654e-06
4292,2.76577e-06
4293,2.93326e-06
4294,2.61292e-06
4295,2.66811e-06
4296,2.90934e-06
4297,2.86262e-06
4298,2.75003e-06
4299,2.86870e-06
4300,2.86585e-06
4301,2.82864e-06
4302,2.77123e-06
4303,2.74555e-06
4304,2.70391e-06
4305,2.68722e-06
4306,2.80649e-06
4307,2.79413e-06
4308,2.82922e-06
4309,2.77252e-06
4310,2.76334e-06
4311,2.73366e-06
4312,2.67292e-06
4313,2.75503e-06
4314,2.64751e-06
4315,2.85757e-06
4316,2.68394e-06
4317,2.72899e-06
4318,2.73046e-06
4319,2.58255e-06
4320,2.73955e-06
4321,2.81117e-06
4322,2.78575e-06
4323,2.66765e-06
4324,2.70925e-06
4325,2.62466e-06
4326,2.60614e-06
4327,2.73689e-06
4328,2.68777e-06
4329,2.77952e-06
4330,2.72849e-06
4331,2.71515e-06
4332,2.69708e-06
4333,2.72488e-06
4334,2.78894e-06
4335,2.71630e-06
4336,2.74911e-06
4337,2.78936e-06
4338,2.75948e-06
4339,2.81407e-06
4340,2.79771e-06
4341,2.71571e-06
4342,2.87203e-06
4343,2.72409e-06
4344,2.68527e-06
4345,2.84625e-06
4346,2.87190e-06
4347,2.81806e-06
4348,2.94895e-06
4349,2.90173e-06
4350,2.90263e-06
4351,2.82656e-06
4352,2.81873e-06
4353,2.84998e-06
4354,2.97560e-06
4355,2.83095e-06
4356,2.93613e-06
4357,2.80089e-06
4358,2.95985e-06
4359,2.83927e-06
4360,3.08456e-06
4361,2.89069e-06
4362,2.88123e-06
4363,2.94028e-06
4364,2.93622e-06
4365,2.84574e-06
4366,2.87372e-06
4367,2.96261e-06
4368,2.97331e-06
4369,3.00342e-06
4370,2.96499e-06
4371,2.83192e-06
4372,2.75158e-06
4373,2.73733e-06
4374,2.76601e-06
4375,2.81454e-06
4376,2.84860e-06
4377,2.96703e-06
4378,2.92636e-06
4379,2.79860e-06
4380,2.91230e-06
4381,2.85689e-06
4382,2.87860e-06
4383,2.81722e-06
4384,2.81756e-06
4385,2.76204e-06
4386,2.78242e-06
4387,2.81863e-06
4388,2.78615e-06
4389,2.77849e-06
4390,2.77756e-06
4391,2.91852e-06
4392,2.86353e-06
4393,2.86658e-06
4394,2.75208e-06
4395,2.77251e-06
4396,2.86625e-06
4397,2.73328e-06
4398,2.83361e-06
4399,2.88452e-06
4400,2.91572e-06
4401,2.86923e-06
4402,2.91062e-06
4403,2.94298e-06
4404,2.87687e-06
4405,2.72919e-06
4406,2.84125e-06
4407,2.92809e-06
4408,2.89003e-06
4409,2.91928e-06
4410,2.74611e-06
4411,2.82314e-06
4412,2.91133e-06
4413,2.90479e-06
4414,2.96153e-06
4415,2.95938e-06
4416,3.06515e-06
4417,2.99685e-06
4418,2.83005e-06
4419,2.94431e-06
4420,2.82829e-06
4421,2.75978e-06
4422,2.84434e-06
4423,2.83602e-06
4424,2.88709e-06
4425,2.87520e-06
4426,2.94214e-06
4427,2.77459e-06
4428,2.90484e-06
4429,2.88376e-06
4430,2.96357e-06
4431,2.91887e-06
4432,2.86950e-06
4433,2.74257e-06
4434,2.87378e-06
4435,2.86265e-06
4436,2.79705e-06
4437,2.82556e-06
4438,2.93541e-06
4439,2.86925e-06
4440,2.83890e-06
4441,2.83437e-06
4442,2.79246e-06
4443,2.85564e-06
4444,2.92040e-06
4445,2.87969e-06
4446,2.81163e-06
4447,3.00407e-06
4448,2.73407e-06
4449,2.93081e-06
4450,2.83090e-06
4451,2.77322e-06
4452,2.83280e-06
4453,2.94444e-06
4454,2.83551e-06
4455,2.95511e-06
4456,2.93313e-06
4457,2.97134e-06
4458,2.80280e-06
4459,2.98904e-06
4460,2.93427e-06
4461,2.86695e-06
4462,2.86074e-06
4463,2.88039e-06
4464,2.82365e-06
4465,2.88597e-06
4466,2.83016e-06
4467,2.97140e-06
4468,2.84778e-06
4469,2.87589e-06
4470,2.81557e-06
4471,2.90858e-06
4472,2.86204e-06
4473,2.95888e-06
4474,2.98953e-06
4475,2.84896e-06
4476,2.93988e-06
4477,2.82801e-06
4478,2.88657e-06
4479,2.94107e-06
4480,2.99673e-06
4481,2.85001e-06
4482,2.89487e-06
4483,2.78739e-06
4484,2.82241e-06
4485,2.73635e-06
4486,2.89969e-06
4487,2.82122e-06
4488,2.97929e-06
4489,2.87435e-06
4490,3.01935e-06
4491,2.94418e-06
4492,2.70313e-06
4493,2.84773e-06
4494,3.01825e-06
4495,2.73251e-06
4496,2.94774e-06
4497,2.77465e-06
4498,2.86442e-06
4499,2.82126e-06
4500,2.94537e-06
4501,2.78116e-06
4502,2.93939e-06
4503,2.94427e-06
4504,2.94432e-06
4505,2.75849e-06
4506,2.79451e-06
4507,2.93585e-06
4508,2.86402e-06
4509,2.78306e-06
4510,2.78949e-06
4511,2.93751e-06
4512,2.70661e-06
4513,2.86522e-06
4514,2.85400e-06
4515,2.73431e-06
4516,2.80911e-06
4517,2.61330e-06
4518,2.73397e-06
4519,2.66053e-06
4520,2.72838e-06
4521,2.64436e-06
4522,2.67685e-06
4523,2.70295e-06
4524,2.62846e-06
4525,2.67382e-06
4526,2.74722e-06
4527,2.67148e-06
4528,2.63120e-06
4529,2.79301e-06
4530,2.62823e-06
4531,2.62764e-06
4532,2.79968e-06
4533,2.71175e-06
4534,2.66470e-06
4535,2.72477e-06
4536,2.64000e-06
4537,2.69490e-06
4538,2.77515e-06
4539,2.63677e-06
4540,2.60265e-06
4541,2.74550e-06
4542,2.56824e-06
4543,2.71153e-06
4544,2.71229e-06
4545,2.67008e-06
4546,2.66668e-06
4547,2.71801e-06
4548,2.72196e-06
4549,2.73618e-06
4550,2.59326e-06
4551,2.52964e-06
4552,2.65203e-06
4553,2.66392e-06
4554,2.63271e-06
4555,2.65193e-06
4556,2.78118e-06
4557,2.78979e-06
4558,2.66533e-06
4559,2.54128e-06
4560,2.72509e-06
4561,2.86399e-06
4562,2.74231e-06
4563,2.73591e-06
4564,2.68991e-06
4565,2.78764e-06
4566,2.84216e-06
4567,2.69530e-06
4568,2.70678e-06
4569,2.70831e-06
4570,2.75222e-06
4571,2.65323e-06
4572,2.75983e-06
4573,2.72588e-06
4574,2.78403e-06
4575,2.66126e-06
4576,2.62397e-06
4577,2.60112e-06
4578,2.66113e-06
4579,2.77281e-06
4580,2.74246e-06
4581,2.73438e-06
4582,2.72245e-06
4583,2.62421e-06
4584,2.57625e-06
4585,2.66354e-06
4586,2.64734e-06
4587,2.57851e-06
4588,2.74331e-06
4589,2.75394e-06
4590,2.55798e-06
4591,2.68469e-06
4592,2.58533e-06
4593,2.67145e-06
4594,2.50797e-06
4595,2.68720e-06
4596,2.74054e-06
4597,2.59063e-06
4598,2.57722e-06
4599,2.61228e-06
4600,2.65323e-06
4601,2.69434e-06
4602,2.67017e-06
4603,2.67766e-06
4604,2.55983e-06
4605,2.67294e-06
4606,2.63996e-06
4607,2.72324e-06
4608,2.75105e-06
4609,2.61723e-06
4610,2.69364e-06
4611,2.68926e-06
4612,2.76469e-06
4613,2.81263e-06
4614,2.58055e-06
4615,2.73101e-06
4616,2.64503e-06
4617,2.75078e-06
4618,2.84877e-06
4619,2.87066e-06
4620,2.79841e-06
4621,2.77278e-06
4622,2.85511e-06
4623,2.77615e-06
4624,2.87130e-06
4625,2.71049e-06
4626,2.77747e-06
4627,2.87374e-06
4628,2.72421e-06
4629,2.71371e-06
4630,2.87388e-06
4631,2.87042e-06
4632,2.77074e-06
4633,2.75472e-06
4634,2.71925e-06
4635,2.82252e-06
4636,2.66631e-06
4637,2.63704e-06
4638,2.63724e-06
4639,2.60724e-06
4640,2.85603e-06
4641,2.87008e-06
4642,2.79560e-06
4643,2.58482e-06
4644,2.73268e-06
4645,2.92722e-06
4646,2.84048e-06
4647,2.74403e-06
4648,2.84798e-06
4649,2.86776e-06
4650,2.76907e-06
4651,2.71363e-06
4652,2.73473e-06
4653,2.75644e-06
4654,2.72182e-06
4655,2.75759e-06
4656,2.78558e-06
4657,2.79931e-06
4658,2.79857e-06
4659,2.70557e-06
4660,2.77558e-06
4661,2.85303e-06
4662,2.87615e-06
4663,2.84483e-06
4664,2.85567e-06
4665,2.76245e-06
4666,2.89756e-06
4667,2.96363e-06
4668,2.82706e-06
4669,2.91195e-06
4670,2.90146e-06
4671,2.82203e-06
4672,2.71153e-06
4673,2.67499e-06
4674,2.70399e-06
4675,2.78545e-06
4676,2.72838e-06
4677,2.77203e-06
4678,2.79314e-06
4679,3.02178e-06
4680,2.86062e-06
4681,2.93095e-06
4682,2.95715e-06
4683,2.88839e-06
4684,2.90299e-06
4685,2.80366e-06
4686,2.96201e-06
4687,2.94097e-06
4688,2.79398e-06
4689,3.06809e-06
4690,3.17108e-06
4691,2.85427e-06
4692,2.83591e-06
4693,2.86343e-06
4694,2.79155e-06
4695,2.83378e-06
4696,2.88144e-06
4697,2.85574e-06
4698,2.83628e-06
4699,2.87133e-06
4700,2.98976e-06
4701,2.92625e-06
4702,2.93024e-06
4703,2.91889e-06
4704,2.75890e-06
4705,2.92601e-06
4706,2.85471e-06
4707,2.86179e-06
4708,2.81297e-06
4709,2.76826e-06
4710,3.02021e-06
4711,2.84290e-06
4712,2.85662e-06
4713,2.95766e-06
4714,2.82096e-06
4715,2.78068e-06
4716,2.75629e-06
4717,2.87403e-06
4718,2.75390e-06
4719,2.98713e-06
4720,2.91858e-06
4721,2.82445e-06
4722,2.91285e-06
4723,2.71664e-06
4724,2.85983e-06
4725,2.78796e-06
4726,3.06243e-06
4727,2.90744e-06
4728,2.91211e-06
4729,2.82399e-06
4730,2.70383e-06
4731,2.87617e-06
4732,2.81982e-06
4733,2.88081e-06
4734,2.97847e-06
4735,2.91823e-06
4736,2.84215e-06
4737,2.89455e-06
4738,2.79720e-06
4739,2.98551e-06
4740,2.97694e-06
4741,2.88698e-06
4742,3.07279e-06
4743,3.03605e-06
4744,2.84626e-06
4745,3.09093e-06
4746,3.01940e-06
4747,2.98232e-06
4748,3.03457e-06
4749,3.03686e-06
4750,2.95196e-06
4751,2.99309e-06
4752,3.06531e-06
4753,2.97158e-06
4754,2.89451e-06
4755,2.97694e-06
4756,2.94250e-06
4757,3.00958e-06
4758,3.02188e-06
4759,2.84071e-06
4760,3.02844e-06
4761,3.03073e-06
4762,2.98385e-06
4763,3.07471e-06
4764,3.09639e-06
4765,2.79278e-06
4766,2.97404e-06
4767,2.94420e-06
4768,3.11718e-06
4769,2.97714e-06
4770,2.96355e-06
4771,2.88803e-06
4772,2.91861e-06
4773,2.93795e-06
4774,2.91719e-06
4775,2.97653e-06
4776,2.84700e-06
4777,2.82363e-06
4778,2.95527e-06
4779,3.09025e-06
4780,3.14762e-06
4781,3.16715e-06
4782,3.18473e-06
4783,3.10524e-06
4784,3.06619e-06
4785,2.99860e-06
4786,2.93786e-06
4787,2.99733e-06
4788,2.82307e-06
4789,2.97827e-06
4790,2.96485e-06
4791,3.07539e-06
4792,3.01840e-06
4793,3.01189e-06
4794,3.08036e-06
4795,3.05419e-06
4796,3.01677e-06
4797,3.02568e-06
4798,3.04412e-06
4799,3.06818e-06
4800,2.89949e-06
4801,3.06795e-06
4802,2.93841e-06
4803,2.83113e-06
4804,2.99397e-06
4805,2.93351e-06
4806,2.95962e-06
4807,2.95700e-06
4808,2.97417e-06
4809,2.99910e-06
4810,2.93111e-06
4811,3.09853e-06
4812,2.76485e-06
4813,3.02587e-06
4814,3.09098e-06
4815,2.94963e-06
4816,2.86090e-06
4817,2.93226e-06
4818,2.99481e-06
4819,3.02092e-06
4820,3.04620e-06
4821,3.05779e-06
4822,2.97023e-06
4823,2.85820e-06
4824,2.90735e-06
4825,2.79335e-06
4826,3.12236e-06
4827,2.91641e-06
4828,3.03197e-06
4829,3.07672e-06
4830,2.88887e-06
4831,2.84995e-06
4832,2.95072e-06
4833,2.86488e-06
4834,2.94452e-06
4835,2.86691e-06
4836,3.00185e-06
4837,3.07478e-06
4838,2.83698e-06
4839,2.95083e-06
4840,3.02302e-06
4841,2.89763e-06
4842,3.07780e-06
4843,3.01857e-06
4844,2.99103e-06
4845,2.98883e-06
4846,3.04287e-06
4847,3.05987e-06
4848,2.95663e-06
4849,3.00947e-06
4850,3.08706e-06
4851,3.07467e-06
4852,3.09660e-06
4853,3.06797e-06
4854,3.01244e-06
4855,3.07610e-06
4856,3.01187e-06
4857,3.01335e-06
4858,2.99965e-06
4859,3.03628e-06
4860,2.94634e-06
4861,3.03233e-06
4862,2.92980e-06
4863,3.06536e-06
4864,2.99437e-06
4865,2.84164e-06
4866,2.93705e-06
4867,2.95386e-06
4868,2.92229e-06
4869,2.92220e-06
4870,3.01917e-06
4871,2.91862e-06
4872,2.73422e-06
4873,2.96267e-06
4874,2.83949e-06
4875,2.89599e-06
4876,2.88364e-06
4877,2.82369e-06
4878,2.94241e-06
4879,2.85000e-06
4880,2.73153e-06
4881,2.78274e-06
4882,2.84839e-06
4883,2.75975e-06
4884,2.77519e-06
4885,2.78772e-06
4886,2.80027e-06
4887,2.61506e-06
4888,2.90862e-06
4889,2.72680e-06
4890,2.73388e-06
4891,2.77132e-06
4892,2.80018e-06
4893,2.71658e-06
4894,2.71303e-06
4895,2.74434e-06
4896,2.89414e-06
4897,2.69111e-06
4898,2.86285e-06
4899,2.92027e-06
4900,2.75727e-06
4901,2.64255e-06
4902,2.66342e-06
4903,2.78744e-06
4904,2.77005e-06
4905,2.77351e-06
4906,2.82310e-06
4907,2.79160e-06
4908,2.82610e-06
4909,2.95313e-06
4910,2.87854e-06
4911,2.89896e-06
4912,2.98458e-06
4913,2.92484e-06
4914,2.79012e-06
4915,2.82706e-06
4916,2.85191e-06
4917,2.90100e-06
4918,2.90331e-06
4919,2.86792e-06
4920,2.78171e-06
4921,2.87735e-06
4922,2.93063e-06
4923,2.67638e-06
4924,2.78991e-06
4925,2.79006e-06
4926,2.88724e-06
4927,2.93032e-06
4928,2.79005e-06
4929,2.82025e-06
4930,2.82867e-06
4931,2.75489e-06
4932,2.88406e-06
4933,2.83009e-06
4934,2.90274e-06
4935,2.79902e-06
4936,2.79714e-06
4937,2.71293e-06
4938,2.85310e-06
4939,2.84685e-06
4940,2.84975e-06
4941,2.91069e-06
4942,2.93768e-06
4943,2.86615e-06
4944,2.76807e-06
4945,2.96915e-06
4946,2.86198e-06
4947,2.93429e-06
4948,2.86143e-06
4949,2.83779e-06
4950,2.76875e-06
4951,2.85092e-06
4952,3.01585e-06
4953,2.97196e-06
4954,2.88757e-06
4955,2.65994e-06
4956,2.84093e-06
4957,3.01191e-06
4958,2.88956e-06
4959,2.99742e-06
4960,2.93923e-06
4961,2.81642e-06
4962,2.94628e-06
4963,2.89249e-06
4964,2.90443e-06
4965,2.81858e-06
4966,2.87874e-06
4967,2.81507e-06
4968,2.79332e-06
4969,2.72819e-06
4970,2.64800e-06
4971,2.74672e-06
4972,2.81080e-06
4973,2.82178e-06
4974,2.68112e-06
4975,2.85706e-06
4976,2.72848e-06
4977,2.78846e-06
4978,2.66348e-06
4979,2.77597e-06
4980,2.68145e-06
4981,2.71430e-06
4982,2.67890e-06
4983,2.65838e-06
4984,2.81895e-06
4985,2.82903e-06
4986,2.68782e-06
4987,2.66768e-06
4988,2.62492e-06
4989,2.66382e-06
4990,2.78603e-06
4991,2.67232e-06
4992,2.77839e-06
4993,2.76079e-06
4994,2.76056e-06
4995,2.70763e-06
4996,2.79905e-06
4997,2.85302e-06
4998,2.73139e-06
4999,2.68961e-06
5000,2.71817e-06
